x1,x2,x3,x4,x5,x6,y
0.20615073226111152,-0.7247696005425824,0.016079530828817856,-0.9990854801706223,1.0,0.21617018924921083,0.026531273234284225
0.4882058538785048,-1.0,-0.5216669621876164,-1.0,-0.8893562532102446,-1.0,8.809572656880677
0.8460755137562339,-0.8574881352424292,-1.0,0.38572262263115153,1.0,0.05125588182681433,-4.000306597925602
1.0,0.173909031928142,0.17357946070864716,0.8658953601017243,0.5394345915741503,-0.3356214595389479,-1.158394630640959
-1.0,-1.0,-0.4248607485854745,-1.0,1.0,-0.4845494563533012,2.4292861577256826
0.26343167039375026,1.0,1.0,0.5795417624684194,-0.5318212693925507,-0.06724387021433714,-1.8317002774367541
0.5991712202702266,0.17148495550706389,-0.15433081038138718,0.34603408249363704,-0.1252250966075507,-0.6454587871538382,1.5762979542560094
-0.9032625696020411,0.5757381389303549,-0.4008386468094183,0.3890514171189935,-0.8351880195452589,1.0,0.4752492435411473
-1.0,-0.712880908519381,-0.9709975481348397,-1.0,-0.7153661785562799,-0.45632317922277593,-1.0191871950262326
-0.053567691658500644,-0.9131411583952526,-0.6567019378671021,-0.8554336657861838,0.469114159461903,-0.23747192509648124,-0.4848200833394488
0.6247159188337494,-0.12133599306011182,-0.3564261538510225,-0.5152740138683377,0.16694214214086353,1.0,3.185763552496171
-1.0,-0.4137804024789402,-1.0,-1.0,1.0,1.0,5.696117077960122
1.0,1.0,-0.07024363876986017,1.0,-1.0,-0.6018207955057043,8.664090546715174
-1.0,-0.8520417097533062,-1.0,-0.5695441099209697,-0.9854025060341653,-1.0,2.3951985585902515
-0.7023120820981358,-1.0,0.08580173680240302,0.3848775789773139,-0.7489846759779325,-0.7981175848411397,0.1926636082085692
-0.375221180456492,-0.480622478764136,-1.0,-1.0,-1.0,-1.0,3.5365440526598273
-0.0983590387024662,0.024510416513176314,-0.08181103206916973,0.7376868425320315,-0.9317446345401283,0.5385087402694062,0.8840628820220335
0.4515701245963024,-0.35218398834445086,0.7450607219365446,0.14883083101989297,1.0,0.6150555507611994,-2.274258530412366
0.13521176800759505,-0.8681546220499579,-0.24630879101212466,0.37301174191195474,1.0,1.0,2.7755798745960707
-0.006055837698270561,-0.3027934239293364,1.0,-0.23010010073010667,1.0,0.9473935184343097,-2.28182014398741
-0.22556334003746298,-1.0,-1.0,0.16947158600663192,0.44229907297192195,0.9121684896597466,2.6243470155792585
-1.0,-0.5792565486312601,-0.7418999587786055,-1.0,-1.0,-1.0,3.9281379396211094
0.3953041141728796,1.0,0.07070509084342014,0.18788180367536633,1.0,1.0,3.9528875038733684
-1.0,-0.6563806937117758,-1.0,-1.0,-0.2180684967989609,-1.0,3.7320612702448215
-0.5170416943232203,-0.6228846769862515,-1.0,0.341956529794304,-0.0007912962264905454,-0.37419002620453135,-1.3983149479582895
-0.37101308987733894,-1.0,0.27404209965314097,-0.7926505830011148,1.0,1.0,1.7685674861576606
0.46599719762020464,0.4474636955030628,0.9064387764155935,-0.20569654785673788,0.8252977808478769,-0.23276592230965343,-0.8694569628786034
-0.7617223793399072,0.9832553700837169,1.0,0.683244872761094,-0.9283726463596719,-1.0,-1.659069946883297
0.2681852109387312,0.9558653486463545,-0.4304701505516241,-0.5509924992335341,1.0,-0.182330848753887,1.0063847121037712
-0.007994944434062567,-1.0,-1.0,-0.5015971243246407,0.1764056821223496,1.0,1.784321372107675
0.7041347532154896,-0.5323561755178421,1.0,0.4714206418959008,1.0,1.0,-4.396140252230229
0.5089850269511427,0.2447290249440992,0.7949696029884468,0.25395161084969065,-1.0,-0.13397568525626602,1.6709216042232766
-1.0,-1.0,-0.29875826430342745,-1.0,-0.03744230658781178,-1.0,4.7500539420245715
-0.6374114425839599,-0.1441640618769584,-0.11698628560894897,0.4833429228405248,0.6489379179085009,-0.266787653600735,1.5003992128523567
1.0,1.0,-0.05396467587325776,1.0,-0.4568546166537897,0.9929997149861198,5.657816809127962
1.0,0.566133263395423,1.0,0.4379099481567206,-0.10064506514970592,-0.9790102189798133,4.020100424280144
-0.2834067372636195,-0.1038336326725332,1.0,0.9937456388227941,1.0,-0.10815809419741532,-1.0798089928345913
-1.0,-1.0,0.3474370629172152,-0.07420686117433584,-1.0,-1.0,1.94875380701765
-0.11957509983072603,-0.5426859479835864,-0.677260286230134,-0.11233019617275575,0.7174505820218464,0.14789149431759052,-0.32198811014255946
-0.1549068073019753,-1.0,-0.5020601461529264,0.3258377887890819,-1.0,-1.0,-0.1162155996659262
1.0,0.7898716953783371,-0.6257471171404101,1.0,1.0,-0.43676056790291695,-1.453247117476864
1.0,1.0,0.8039124185409114,1.0,-1.0,0.3849760417682344,3.6435834356304686
1.0,1.0,-0.26586337714102304,1.0,-0.44989886616379204,-0.5447136716559958,6.15547884504009
-1.0,0.16937956675330568,-0.25168744250442665,-1.0,0.6650707410114902,-1.0,5.176394565754849
1.0,1.0,1.0,1.0,0.1643810109688418,1.0,-6.3781514647452315
-1.0,0.32326867988686986,0.4421454106705339,-0.0392044556778719,-0.37486201857951684,-0.41418568798692434,-0.3067814955498007
-0.3923731231663141,-1.0,-0.767144512474334,-0.17813611860721945,-0.13125100455075622,-0.18946899858045496,-2.132306507090467
-0.5546980503500466,-0.11704204877961977,-0.3716427112314584,-1.0,0.1109699876783814,0.20356386222312295,0.12739922164231826
1.0,0.5701885114467149,1.0,0.005090153093932459,-0.6610883408661044,-1.0,5.646351297898002
-0.8753273418605849,-0.3219823928108889,-0.7584603297419068,-0.6462277667934078,0.3030928266332559,0.5765912824628048,0.36745106841270064
-0.30616331440013556,-0.5931557279121218,0.4057605058555648,-1.0,-0.04374699599787846,-0.6659003520084983,2.9419610609350015
-0.4849143172878684,-0.724777200229618,-0.9237479378575537,-0.28421751575484994,-1.0,-1.0,2.4541990180357054
-0.8549912107175237,-0.7307717330382479,0.8987880018556971,-0.10972631217753337,0.228459342874054,1.0,-2.1984608306990454
0.9377807425998599,0.7229387890261058,0.7434824707849665,-0.1647458238797158,0.4702091512957802,1.0,-0.8247312669431441
0.7629337027162588,0.006316449590386686,0.8173396402506752,0.3936792498940884,1.0,1.0,-2.2062152617690964
-1.0,-0.339856883308274,-0.9312762116862275,-1.0,0.36913297758708574,-0.3166320156745742,-1.1900621450117712
1.0,1.0,1.0,0.6155028075793444,1.0,1.0,-7.876518098872655
-1.0,-0.29009796485728756,-1.0,0.5878199440299843,-0.9692768950708162,-0.7122697184006623,-2.5463393439690494
-0.7270646993966571,-0.4096668680817298,-0.11248816516003199,-0.9113422395384887,0.30662298107938035,0.10913254678481099,0.5323515881807637
1.0,-0.010738746453221565,-0.19197842821078603,0.16086186458791085,1.0,0.47973065382242,-2.296830175694784
0.13584710182075443,0.6716193317136852,-0.9948581461320034,-0.8930716455198999,0.48888108849489925,0.14647824455866665,0.818726690065642
1.0,0.1300071914066292,1.0,0.21989287700582527,0.4614211068245324,-0.997146028918245,2.77780276943834
1.0,1.0,0.07184924124656689,1.0,-1.0,-0.9553278088847699,10.37778540714681
-1.0,-0.23196429376522582,-0.8247545500729153,-0.6305607779874731,-0.03174238970055088,-0.6255747217077368,1.1614720355964079
-1.0,-1.0,-0.28728418032026104,-1.0,-0.3909686692052925,0.4792075261356771,-3.2715124404270863
1.0,-0.15912743373071717,1.0,-0.3541836851566379,-1.0,-0.22898203372283032,7.355680325566719
0.28644264506102846,-1.0,-0.28359534914825324,-0.25259545425739366,0.67748399753856,0.4956930778211336,-1.2670885982230882
1.0,0.002988126996914975,1.0,1.0,0.3289013276198405,1.0,-5.063459347058694
-0.3371481854689485,-0.12419141716992377,-0.5434248339389437,-0.5328053047453778,1.0,1.0,4.60400905677932
-1.0,-0.9416864071163538,-0.8071811560241995,-1.0,-1.0,0.7447165481146166,-0.5789569293790298
0.8463668466607606,0.3693657358454188,0.675397659099291,-0.06234262062213547,1.0,1.0,-0.5678480796109554
-0.010500723243820204,-0.8902371762959187,-0.5264655134897156,-1.0,1.0,0.31735610991420615,-0.34718773518099766
-0.2981129315737283,-1.0,-1.0,0.16048157897171172,0.9674137884421747,0.328506360755898,-2.0984895145153812
0.4130563235196687,-0.47320798030406863,1.0,0.6363776900120987,0.5110388884789419,1.0,-2.1415537556808673
-0.5153801603439156,1.0,0.06995701826341305,0.7414873376521611,-0.4255003324317792,-0.2063298643326782,-0.07519856960088783
-0.249338836638152,-1.0,-1.0,-1.0,1.0,0.8055599297805915,-2.9830363936924957
0.3836406814225578,1.0,1.0,-0.035384133538214124,-0.9188056364366569,0.617106331798604,-1.1025272221302351
1.0,-0.4247853358097977,-1.0,0.6829017443072805,0.5615676930611582,0.6539811646046739,-1.696173242916064
0.9991780416468288,-1.0,-0.9482432708046271,0.7173482455288601,0.7624528076089467,1.0,-0.24684409319390044
-1.0,-0.19306689004733402,-0.3624707547126178,-1.0,-1.0,-0.4894062907657583,0.32789954229039014
-0.0830608172541098,0.6946570730668533,-0.2760208103699741,0.7777951706249504,-0.41046014997870484,0.061255201379499136,0.3556058074053394
-1.0,-0.2911521199700451,-1.0,-0.8868440965091317,1.0,0.7551341497454354,1.889909501961345
0.7384335771262593,1.0,-0.8714171700806138,0.26745146125673114,0.755811765110348,-0.16859409542114356,0.0684277386154933
1.0,0.2644439831484986,1.0,0.03572194386437233,0.3654686037364201,-0.07316304459228773,-0.35050359511730556
-1.0,-0.03569034093043766,-1.0,-0.5892362901933768,1.0,0.5641468166965158,1.7486983736529642
-0.9738173756480296,-1.0,-1.0,-0.08970182812717645,1.0,0.3238750765421592,-4.663150615701282
0.46758457386509433,0.8110722800187271,1.0,0.3889034373906797,0.6668347802916452,1.0,-3.38887140861829
-1.0,-0.7639955858466854,-1.0,-0.9391935057162666,0.3699669009064663,0.1503014177060471,-3.973667913830337
-0.6967007240478883,-1.0,-1.0,-1.0,-1.0,-1.0,5.086178879762782
0.7435138514563018,0.542048855712606,0.20827014542627986,1.0,1.0,0.8417867387422346,-0.29168083586517407
-0.3864454112777498,-0.10091690590234692,0.18059253472034853,-0.7487954622662156,1.0,0.848604045073113,3.22587655221111
-0.4469188412773917,-0.9051994879514582,-0.3275560629329435,-1.0,0.8357224600102373,0.7396180499545362,-0.0014499313450843099
-1.0,-1.0,-0.40551308018241117,1.0,-1.0,-0.06144988830056519,-1.8928509329715888
-1.0,-0.2704460347883728,-1.0,-0.48842807772299096,0.18828196402153052,0.7849299709985036,4.015495089681669
0.04806896287679707,-0.07514929694244865,-0.16227570168571884,-0.8858766320711189,1.0,0.36359971671883756,1.130721167344364
-1.0,-1.0,-0.9270591872233139,-1.0,-1.0,-1.0,4.424235483782159
-0.435251478544568,0.23076149804598856,0.8862747709094541,-0.2551232633201648,-1.0,-1.0,-1.4439157791296275
0.5106595749249025,0.351042129497305,1.0,0.8248919205477588,0.44868517299882416,0.08624173988910866,-1.8968789441265763
-1.0,-1.0,-1.0,-1.0,0.7923706753740577,1.0,-1.3056858657759252
1.0,1.0,0.49973518676132334,-0.3777250202516638,0.7537799944658161,1.0,0.3753479758130156
-0.5455959974471681,-0.9820575556821229,-0.07488335399270052,0.25526248969639803,-1.0,-0.35934425052403735,-0.874967495333727
-0.47608247883726307,-0.44766074198149397,0.08884788596798987,-0.6402968358556631,-1.0,-1.0,1.745320819847133
-0.8050352347434568,-0.5215752450350313,-0.4696776698201949,0.1467853977640155,0.09809470089555461,-0.1398458914533937,0.2270078378414834
0.6251081775167119,1.0,-0.5693274417505241,0.46331480241794704,0.748288201090894,0.6036921090160818,1.8757882939398556
-0.03371625880393481,0.3359104233897777,0.6641399501768354,0.132482269089837,0.18050587936730356,0.1483190598777776,0.7692414171509123
0.12414354972180597,1.0,-0.0037959973918901824,1.0,0.28080086274065397,1.0,1.3816964365829358
-0.9908434874857632,-0.7425199643267699,-0.23275972584049387,-0.5119250327114966,-1.0,-0.20402156775033242,-1.7463100944634067
1.0,0.8717843692471952,0.12800806932874292,1.0,0.03815914476030101,1.0,2.318906288178871
0.20335331579915272,1.0,0.28839713711004866,0.8835020411794339,-1.0,0.39124428431028324,1.918302546819684
1.0,1.0,-0.15727877224997677,0.17295195682463327,-0.2925318122422448,-1.0,4.605743197505704
0.5005543318631135,0.5208643021134665,-0.09335179307759811,0.665530723391068,0.29006536764307433,-1.0,1.9993410371028233
0.12037493549376066,0.528647956445846,0.9974521156705777,1.0,-0.6220336219049142,0.6065402028090384,-2.8922507693692157
0.04153434681208423,-1.0,0.5862978669992487,-0.9788739870894423,-0.9869990672887916,-0.641433738551844,8.828919999148455
-0.6376603225664205,-1.0,-0.15081806590249125,-0.3100579000622447,0.7808036638633504,1.0,2.57249385708253
-0.1506608593581159,0.28414787331821756,-0.09429642607181488,-1.0,-1.0,-0.17790037211049659,2.5962677658971023
1.0,0.9399560362348096,-1.0,-0.837001590689851,-1.0,-0.7423179928041768,7.231140242885918
1.0,0.6472111715463028,1.0,1.0,-0.14358027786295047,0.7450161135252691,-2.6425075222251984
0.3541872639838819,0.20456864342653971,0.20738793459694105,-0.5308577185731287,-1.0,1.0,5.804433956773033
0.9230746008624127,-0.2071119788831377,-0.4520802583660158,0.35441453999623623,-1.0,-1.0,6.251085285720505
1.0,0.311094565681036,0.7441605862512153,0.7443256480282898,-0.5793944546346737,-0.8927378926376555,7.014607501689583
1.0,0.703342368818237,-0.4139618927731482,0.02633161688070662,-0.559228099534465,-1.0,5.380112251190945
-0.3428761998561591,-0.7095765766760127,0.3493581955184091,0.30311746058760747,0.24110058671500867,-0.4663452806867533,1.5068885447003286
-0.11603272094647732,-1.0,-1.0,-1.0,0.13613322685534834,0.9035445723962043,-1.965945594412406
-0.8976263737902745,-0.46015459417487603,-1.0,-0.348588109584971,-1.0,-0.04089490767761461,-4.161240630618731
0.36064334135275394,-0.6750396576126788,-0.899333767089558,-0.020114777687593843,-0.1163048134177026,-0.96779049880233,1.7434952051929709
0.49965771691934685,-1.0,-1.0,-1.0,0.6674926265012859,0.6799493944079973,-4.915778019581967
-1.0,-0.8007086156558407,-1.0,-1.0,1.0,0.7404468505067858,-1.9797693060861106
-1.0,-0.7326384792724847,-1.0,-1.0,0.05864813334792085,0.910462102176756,0.5737483472086041
0.3182041939385188,1.0,0.14706959342700532,1.0,-1.0,-0.9965227633695463,7.260649520235428
1.0,0.9643073790717049,0.02616506822673048,1.0,-0.048367109098784805,-1.0,6.055651157411137
1.0,1.0,0.9774636609328347,0.7740546898840528,-1.0,0.19914022337264173,2.601313657911842
-0.004994755400489256,-0.9526780850600086,0.10352807276620496,-1.0,0.01958579087243284,-0.539598545228489,2.262654096876726
-0.9827700971623228,-0.8447974741981521,-1.0,-0.9119632640995992,-1.0,0.27466943621255735,-2.3999590653723843
0.4136455928887982,-0.22323786507334914,-0.020269596699149073,-0.6652396234280635,-0.016018296710795576,-1.0,4.942856708366723
0.885823588286566,1.0,-1.0,-0.44187993120803787,0.31696981353569365,-1.0,1.0444276255699378
1.0,0.6608811920158055,-0.6599873328861261,-0.6084620461985066,-1.0,-0.4845761469044718,4.344000733633685
0.27105645996635624,-0.48428827479325776,-0.2844755497512378,-0.8434264157711905,1.0,0.9345220067436004,1.3105676694520159
-1.0,-1.0,-0.4478281027344637,-1.0,1.0,1.0,1.1641222679174068
-0.027228681409267375,0.5430785164262584,-0.6302447356636973,0.3993984056213705,-0.4755308958519228,-0.09158127896255552,-0.35803208055412805
0.344957825266454,1.0,1.0,-0.7816028894719647,-0.6532465254050768,0.31180681098935975,-2.101484447435759
-0.14260480264918735,0.11667526982663434,-0.6119639097376139,-0.27997158693795093,1.0,1.0,5.973705685037203
-0.808987384034798,-0.1643577114400705,0.616250208805008,0.8857647120102655,-0.3322785021251997,-0.6950903220498947,0.26426137112047926
0.705722775759429,-0.49054511981136706,-0.31189859536614056,0.7117518219276359,-0.4543803301391801,0.3372674361123711,2.005908256130646
-0.7349052459339185,-1.0,-0.2621088738517161,-0.1716778594893842,-0.10680320847620628,-1.0,3.1255784085136225
0.7409490985954442,-0.19077014922322877,-0.7201658479108846,-0.24589332928455016,0.29553054691252967,0.3736579215468006,-0.46820659648834473
-1.0,-1.0,-0.8873007043307769,-1.0,-1.0,-0.7397215485292882,2.2913339980281515
1.0,0.16770033995618228,0.2887933420999895,-0.04240587711039856,0.6294223550132199,1.0,-1.1037260825001223
-0.9000504253779767,0.059348234287059154,-1.0,-0.7871230427504472,-1.0,0.4797384939202166,-0.31798443148396494
-0.5806749107083766,0.6865155845439954,-0.04288175772213805,-0.22406435741280173,1.0,0.8788920795537081,6.246294494727793
-1.0,0.27776102153256765,-1.0,-0.5497765158807558,-0.5699487765936903,-0.39101033240795413,-1.547222393162955
0.549391193124541,1.0,1.0,0.9598724405868935,0.24698670744524331,0.9253662942855818,-5.79071622744735
0.5508151423307737,0.49715908334221837,0.8795745113861546,-0.08472225676259193,1.0,0.8943340818050014,-1.5993537914481686
0.7950153486954495,1.0,1.0,1.0,-1.0,-0.27348720124981063,3.4127679328516205
-0.5324123930880977,-0.8252563443433196,-0.3736536667971664,-0.9130109471692441,0.004873365523413442,-0.3190924322040978,-0.6266713217837596
-0.13555137637762626,-0.4604518703829573,-1.0,-1.0,1.0,0.04059824141271534,-0.9870821500302472
-0.9866297768832225,-0.16647737608137625,-1.0,-0.6071347611210525,-1.0,-0.5341289384686074,-2.437894065636555
-0.4852029552817312,0.15581869269285198,-1.0,-0.6148568947995148,1.0,0.19980733092795927,0.7426678564264132
0.9091154354001942,0.07162525072591341,0.4148137538522578,1.0,-1.0,0.6703704602282329,3.900596962074842
-0.8910981415012085,0.3959811469276223,-0.8923529065646776,-0.21333019764887143,-0.7464811447552764,-0.24536117007650227,-1.0875250907541654
0.612722370531855,0.04956616834275773,1.0,1.0,0.42414464152349407,-0.40607479355408216,-1.4885413665791671
-0.7753850566537066,-0.6276698297174305,-0.13934381177674082,-0.8429225282135383,1.0,0.1981847148106164,2.430210724435153
0.9687446003469569,1.0,0.8930131004191066,0.2386607386890649,-1.0,-0.1364475822811554,1.6925563318666368
-1.0,-0.9170016774418343,-0.37904034478261495,-0.01551091545397465,-0.7731716985649612,0.34241616033425926,-2.8064697660470364
-0.9151931094915764,-0.20394079874861504,-0.1824915630198083,-0.625102964963961,0.6913680585389101,0.7779528826332698,2.750912104273104
-0.08378098378794041,-0.34776800660927265,0.2289531779443965,0.9638540118117652,1.0,1.0,5.342356452536529
-1.0,-1.0,-0.3536989540989486,-0.7776774080831463,-0.7084789522626667,-0.28743835056235406,-1.0552726846544203
-0.00019125401676456377,-0.6664123499648353,-0.07474814201415347,-1.0,-0.38036087818607744,1.0,2.4905686192673953
1.0,1.0,0.8165677739940842,1.0,-1.0,-1.0,9.707947864716367
-1.0,-1.0,-1.0,-1.0,-0.4345398687917625,0.6650661721059896,-4.281939750013531
0.22045406457345618,-0.6186052115947169,-0.8305271261998354,-0.010065821059987934,0.16259141083136797,1.0,3.4560660281909605
-1.0,-0.1497888134850025,-1.0,-1.0,-0.4011012628262593,0.9673466927015,4.184943616933981
-1.0,-0.9735090249029683,-1.0,-1.0,0.1821726471905527,0.3384645366083975,-7.154938114000202
-0.8541182703988887,0.4204730134431996,0.17097130744242128,-0.5152182892828236,1.0,0.5862553937375489,4.11650733292586
-1.0,-1.0,-0.9421117468054447,-0.6597395226959499,-0.7065167000194981,-0.3128143476004383,-3.590100608234447
-0.9404563679943361,-1.0,-0.8059671617726929,-0.9248547703196905,0.8148424119285391,0.5330059786737023,-4.4672970500993205
-0.944630705409701,-0.5718812100755837,0.2041331755054217,-0.8266966029751969,1.0,-0.25614408212322193,3.949064156566436
0.1735085537321821,-0.7664938756976534,1.0,0.5284905883097453,-0.8096513771694607,-1.0,3.433830389854447
-0.9926917632444454,0.7993556391110167,0.9086312619096324,1.0,-0.7171545914850588,-1.0,0.5292986456952675
-1.0,0.5430766375416334,0.19822965344860977,-0.8214550184447733,-0.32561031297692844,-0.13219335714796288,-1.800890881228197
1.0,0.472514633893512,-0.2863928755908193,-0.34876044095276737,0.7143574356211546,-0.3944721175928839,-1.5685622563748527
1.0,1.0,0.5529696594529077,1.0,-0.472740456090578,0.9558620663000377,2.932836136596941
-0.7887979445353674,0.7609913411110999,1.0,1.0,0.9508589351902388,1.0,-4.051925014315015
-0.5855616526206806,-0.20559495367737557,-0.4887272143919952,-0.521422042291027,-0.6035173873762981,-0.39628638125001187,0.09872791714077356
0.25000148565072744,0.050639771196912764,-0.02741568811615766,1.0,-0.31511884393497225,0.6859448031500031,2.3190093473484295
0.11276626699686843,0.47479874120367477,0.2043396037735703,0.9274576466865734,0.21138484889397807,-1.0,2.299623867786175
1.0,0.1582316411767811,0.29903132012286615,1.0,0.20017679248913595,0.901242193193973,0.2253840244023153
1.0,-0.5705496789682813,-0.024686336386260055,-0.28130933336923825,-0.8101847586914102,-1.0,8.163818463641944
0.6860129629959757,-0.45462183805425554,0.37796539536357465,-0.9343808133854705,0.8527093383070092,0.6034469084901626,-1.5828669303147813
0.6663737158959326,0.17896508532678368,-0.22027984188388172,1.0,-1.0,0.501847022454765,3.480776858078109
0.12478792431329877,1.0,0.8183172784275585,1.0,0.583013492586656,-0.5359799369610567,-4.031052778552933
0.5472021088179819,1.0,0.5627563662786097,-0.06394850394488671,-1.0,-0.5037402928973952,0.2705936294805824
0.5954078609013127,1.0,0.5585879095378814,1.0,0.15058884806957534,-1.0,2.015828008456153
-1.0,0.5003937489217831,1.0,-0.012092885846833101,0.7192993624464996,-0.7711079873477809,0.8952244755255736
0.5550783905178907,0.3198135289662726,0.6034938126233896,0.22214724278039422,-1.0,-0.1960795407272966,1.0282953387574025
1.0,-0.050162548015107555,0.15517543215791824,0.4856443236562833,-0.5089622285261821,0.5476171894421005,2.5227381609434234
0.74958644412297,0.3319185948603627,1.0,-0.7373627527976556,0.10805690520584249,-0.30060728708843804,-0.922446722961526
0.7774024817456187,1.0,0.26492697924095254,0.8826538549100746,-1.0,-1.0,8.556008726426482
0.04729430622441411,1.0,-0.24067532331360508,0.44345916335220714,-1.0,0.2625058078854845,2.6474281974513523
-0.08380108462494074,0.7718728392997274,0.7004279257834949,1.0,-0.34566592139686636,0.5896722900953468,-2.3277217396634997
-0.8764262494371932,-1.0,-1.0,-0.7591197751557566,-1.0,-1.0,3.355527109296884
0.3837082219474015,1.0,0.3651263973274388,1.0,-0.8905816832687002,-1.0,6.568993939375629
0.13128144662141572,0.26001794312196325,-0.04731791506989691,0.5506703040243184,-0.4594579406844527,-0.9428551543096491,2.3675552702803553
0.941522729187793,0.7373972468863994,0.012795591275302609,1.0,0.5375114296836847,-0.10348115005878977,-0.7997935730962549
0.11615201049129309,-0.6285854968294818,-0.7301236604595898,-0.025491372230060642,-1.0,0.6770847248815812,1.4905894355564993
-1.0,-0.5414435853058044,-0.349614389658484,-1.0,-0.2584064265032723,-0.12270594576875837,-1.1190929748514877
-0.6303200895427551,-0.2859754398953105,0.8620144391338898,-0.5067971852187643,-1.0,-1.0,-0.3768172443866537
1.0,0.23742448112429743,0.5142465667082441,-0.6218601390036125,0.49020245366171034,0.04203697340872292,-1.7760375903257737
-0.89272247419188,-0.5543518170848925,-1.0,-0.4856546293170454,-0.09662936530759658,1.0,5.1051140196382825
0.8179892966480451,1.0,-0.21858877888162215,-0.55652632794485,1.0,0.09783183596839407,-0.3615265949589288
-0.5712756200288837,0.7519624741225615,-1.0,0.744943285826252,1.0,1.0,9.533190571944232
-0.4210567620458946,0.10026621131765867,0.7526809513626577,0.05634380535085204,0.9274325099857595,-0.8686533477480991,2.1545681585214296
-1.0,-0.9010839710740283,-0.26247224436158856,-0.0934791575334778,0.09411908425036242,-0.5723027190455284,1.9311769544995627
1.0,0.7446536812761333,0.37764540513738987,1.0,0.8086587038756022,0.3715409884847767,-3.8175203315603286
0.3500669772371565,0.22677377721938607,1.0,1.0,1.0,-1.0,-2.297547760553426
-1.0,-1.0,0.41809761366862763,-0.10783869868781282,-0.5607650464618406,-0.39967774613750484,1.3526453335367201
-0.41703684475512764,-0.573106364736637,-1.0,-1.0,-0.7081838873908637,-0.802621814075385,2.104227206077076
0.3184533719388762,0.671910917260806,0.4530455326632208,0.17753275418262826,0.692757175802241,-0.5673960005305381,-0.28909517388782957
0.5039413936548381,0.2458751718650557,-0.15814268784635022,-1.0,-1.0,-1.0,3.620933303090583
1.0,-0.017379418433948746,0.34425340784494385,0.6009341049071832,-0.8730509793616354,-0.8648633271068666,6.50787392043904
-0.697474323406556,-0.6527121180806879,0.26108766952477724,-0.5076406001761437,1.0,0.8833152675812399,2.1893794601082806
0.15093772201149247,1.0,-0.5458582131851382,1.0,-0.3748440594476684,1.0,6.046687494416962
0.014073873704583927,0.013887779551021717,0.9499218865342667,0.6494662765139682,-0.7848941701245384,-0.08042829958609665,-0.7256507150120888
-0.1682946761327248,1.0,-0.05231412970153608,0.2871066633366208,-0.6241247455032815,-1.0,1.7147065616137727
-0.5307971824028818,-1.0,0.7433981265910491,-1.0,-1.0,-0.7732683507906208,8.010625005672415
1.0,0.04688339339664771,0.2186329412275294,0.30453455899682125,-0.5224230246507559,-0.18420445763886958,1.6896505464444318
1.0,1.0,0.5800090058956942,1.0,0.6836330942958044,1.0,-3.744596156681163
0.621472401747911,0.7062574289977488,0.6742467025255069,0.6126886765356,0.6521230754754428,1.0,-0.6846276136188103
0.11665603979533823,-1.0,0.0022942806778523117,-0.43126795697910675,0.8890155683084274,0.8037731841015614,0.3011958265712119
-0.3564292689233788,-0.35835751070849586,-1.0,-1.0,0.8117726641268257,-0.33089286519191174,-0.35059049087650984
0.14744604245623216,-0.22538944472252942,-0.1604642793382952,0.010747295843547167,-0.012307413170262627,-1.0,2.8227517350525564
-1.0,-0.9196696006861598,0.1414292977017642,-0.6849129372894961,-1.0,-0.01439338802203638,0.5411808847196752
0.13863970654454605,1.0,-0.6919048700841248,0.6004375690100829,-0.7211791696094578,-0.6701972377429706,2.617564122989286
-0.862156182263208,-0.9691224435633936,-0.0486185081079723,0.1816428359908802,-0.6851228725186382,0.6192528458726828,-2.5417042910451033
-0.5235779390572571,-0.2514329757000313,-0.8194859008053457,-0.5021716743618326,0.699951411686799,0.10293380473564984,0.48003012607149426
-0.6013061209630255,0.30357091531798586,-1.0,-1.0,0.9199514421311743,1.0,10.55251906105947
-1.0,-1.0,-0.283939359282815,0.2693707984560242,1.0,0.02322882514375768,1.4968711095045415
-0.7147291753762013,-0.5354637239309674,-1.0,-1.0,-1.0,0.3488709350346052,-0.23024708727984466
-0.2191934861282041,0.5037661910089624,-0.18492652381992797,-1.0,-1.0,-0.800441158627607,1.4078989001954914
0.6972862198848551,0.5780683907715644,0.39034985542947465,-0.14321460124402147,0.4268198153583729,-0.1326330113176195,-0.5463365184806471
-1.0,-1.0,-0.09650857120205172,-1.0,-1.0,-1.0,5.182149802586824
1.0,0.9976705618043471,0.687978061926596,1.0,-0.6654389217095757,-1.0,7.921176548004044
-0.4712083715743338,-1.0,-1.0,-0.019606147793958306,-1.0,-1.0,-0.28228740975122746
0.37429942088193285,1.0,-1.0,-0.985807157997479,-1.0,-0.6994332680586628,3.7298288029806215
-1.0,-0.9191569089346445,-1.0,-1.0,0.7763152019333949,-0.42861579918993414,-4.657873752953225
-1.0,-0.8399005295250623,1.0,0.82456409783241,0.42254602871978103,-0.26422289507325336,1.2337040261110621
1.0,-0.3824100328983444,0.31121026356599923,0.6870043765141073,-0.03425667487306916,1.0,2.3737418015707425
1.0,0.01873983871195306,0.45096570615550036,0.5284867144906125,0.24794363784751827,0.5153875381117154,-1.31332818343972
0.11819085544320718,-1.0,1.0,-1.0,-1.0,-1.0,11.491919783166734
-1.0,-0.018411336981005,-0.324114518052088,0.573391113490112,1.0,1.0,8.670506917557129
-1.0,-1.0,-1.0,-0.773512684883521,-0.2677108626803252,0.6766357223533694,-4.296649871178563
1.0,1.0,0.8887782060137535,0.667460467961919,-0.17913082752856313,0.8189526047011487,-2.3311011949950604
-1.0,0.16656790273565625,0.28299007044043134,-0.903767727881799,-1.0,-0.0463409684174485,-0.35885719201991884
0.5181153524936561,1.0,1.0,1.0,-0.9120865619401286,-0.42129889034728274,1.8758614112415894
0.916581943067175,1.0,0.09704016177174937,-0.6471239473595434,0.6779119724498152,0.36628549617879747,-0.12517990941317866
1.0,1.0,1.0,-0.22653979418809644,-0.06927160104834229,0.6575526046242918,-2.288510036038452
0.5110353290033475,0.7985155940893532,-0.45220658584020157,-0.7472028291773744,-0.4618816586067606,0.43803215089054987,3.2127403645660797
1.0,-1.0,0.8879449506341454,0.3249930900060351,1.0,1.0,-3.9681984144899465
-1.0,-1.0,-1.0,-1.0,-1.0,-0.7779737828413085,1.3211382977746229
1.0,1.0,0.8517663962382676,0.1502039807115947,1.0,0.06214404884867197,-5.2176056326094065
1.0,-0.06383898444151792,0.0825686324376288,1.0,0.3155276357126625,-1.0,3.508595212408694
-0.19058229249712105,-0.04237207611030003,-0.9741279013337045,-0.6038942445623546,0.42425548922293627,-0.5876417827908631,-0.023155214175036687
-1.0,-0.3573827166226217,-1.0,-0.8689249727135429,1.0,0.04984645723475867,-1.7086509028166996
-0.6220209972452434,0.009798584878926597,0.26441110753352615,0.6709655717776917,-0.5123372185643287,0.8151684671782927,-0.9645211360468209
-0.25451106252709055,-0.9070976524737682,-0.5943420069288687,-0.0645861771228653,1.0,1.0,3.190393238196826
0.6695685929077078,-0.4842761020980445,0.44786700835580817,-0.2733674103480286,-0.30262366881210034,0.18804772980491413,0.10436544023356625
-1.0,-1.0,-0.6197360661333594,-1.0,1.0,0.4509944209348773,-1.5836966903469913
0.18170551650550382,-0.2301494216085208,-1.0,-0.3978663878977804,0.335784096519038,1.0,5.944287263267437
0.043597100263158245,-0.6993494270868813,-0.4860178693350094,-0.8318192911440307,-1.0,-0.023904792052973245,2.3645431423751124
-0.4753260176304034,0.7570331072322773,0.3281178886313947,0.6908162372204764,1.0,0.06072653530256622,0.19031789226429296
-1.0,-0.3739633648558556,-1.0,-0.13475489036678784,-0.6970644931586234,-0.3007298872338073,-2.5752005652969467
-1.0,-0.5945962632366304,-0.5750606936314415,-0.01205083754028724,-0.24748647707094384,-0.45163831689631917,-0.014645985637409265
0.49873751085726536,-1.0,0.1426689012894863,0.9803275155954515,0.6140225596347582,0.13159187833391695,0.32892976573497834
0.817930523677861,-0.7035719217267853,-0.8603250540020222,-1.0,1.0,0.6993205689067842,-3.5370465918615928
0.035608103311194586,0.7978846636496386,-0.5371008340238433,-0.6467218762086276,0.5456840023040637,-0.05400584723549735,0.4383489728007995
-0.2891159148394746,1.0,-0.4096659078655122,0.42037198531663744,-0.02434254699906102,-1.0,2.752590522118926
-0.11634659092964927,-0.6242304147627216,0.31968563822295504,-1.0,-0.0999124222349076,-1.0,6.037446697824602
0.37913564435940783,-1.0,-0.01579716817513728,-1.0,-0.2470502961800378,1.0,1.7614842413226781
-0.5807991772015708,-1.0,-1.0,-0.03822267482226649,1.0,1.0,4.546212900198264
-1.0,0.8328458653827531,-1.0,-0.4392816476905619,0.8798790750834145,1.0,13.815074508488564
0.2869874797108791,-0.6678617824213945,-0.6619293696957025,-1.0,0.26243285773910974,0.5187756225791527,-1.3714048529866525
0.5462242666625492,0.6833083825478738,0.27020980504818515,0.18773645461781452,-0.004449646626113468,-1.0,3.0592942012943207
1.0,0.7516333621278382,1.0,0.6395063833091235,0.4133231322899501,-0.27744543358936224,-2.5586808311170044
-0.20435523445411374,1.0,0.31918590407041214,0.2573518026548689,-1.0,-0.5561296357149248,-0.3057853353989456
1.0,1.0,1.0,0.7772110417051592,-1.0,-0.5553788962741331,4.742596922595128
-0.5219253512006148,-0.5918023588591439,0.14957224276464065,-1.0,0.8501220372008023,0.44774612985314355,1.4051590119587887
-0.8197384821464544,-1.0,-0.6099259004255705,-1.0,-0.293612879071079,0.3232074867949709,-3.7548708779060878
0.13784551761091923,0.19163940547139746,0.6650431212147561,0.8207404164461352,-1.0,-1.0,2.4778216541284173
0.7613934783932298,0.0426749053201797,0.07187277274082488,0.11608379043585859,0.6006299565131973,1.0,0.9816394011034084
-0.5839273154997824,-1.0,-1.0,-1.0,-0.8921797806615701,-1.0,4.578560925673452
-0.8467153949375996,0.3451457547356618,-0.7475450907294741,1.0,-1.0,-0.6229222446297447,-1.6285083531989453
0.11435886499512854,0.060490223866567217,0.002535494850264941,-0.14907267891301618,0.0956941355562061,-0.6069681777499866,1.379698800411894
0.10631665138389357,-0.05800220770073733,-0.8361498673434378,-0.6071623040739571,-0.724137409080871,-1.0,0.5554102981386788
1.0,0.22095712862266947,1.0,1.0,0.543444080236141,-0.2280692497359013,-2.263387248047598
0.7876285332923085,-0.1884725081996852,-0.5457490081527723,-0.891267740789574,0.11929120027443174,1.0,2.196301058334465
0.09186657142735338,0.1856094427744529,0.020594051698158755,0.5579432762651371,1.0,1.0,5.290651074429311
-0.0036571314965951895,-0.17844174383996814,-1.0,-1.0,0.3674215875696647,-1.0,1.7101543931083345
1.0,0.4641455188269792,0.41167019104877334,1.0,0.8562073948073806,-1.0,0.43486356715898017
1.0,1.0,0.6403597535635825,0.20921470142888515,1.0,-0.11144857228416172,-3.438573300830792
0.7605041592224719,0.2689412651640848,1.0,0.5948641003451907,0.9071997032113488,0.2149881848327799,-3.632084238324476
0.657848769613288,0.018390436983660274,-0.7249714141911027,0.0777286683506363,-1.0,-1.0,3.987743303851679
0.5678755140875276,-0.37828922869415244,-0.21204033057382835,0.967448902334612,-1.0,-1.0,5.728636961700298
1.0,1.0,1.0,0.18257967097041228,-1.0,-1.0,4.02575309316751
-1.0,-1.0,-0.09351947985215592,-0.5140097307714382,0.3273950374604179,-0.3910431065988419,1.957738408990684
1.0,0.8450431120566522,0.9502722448008813,1.0,0.33423866052452184,-1.0,1.2237533664170357
-0.2511351191627841,0.0465543468693051,-0.5326663157997533,-0.9982085277881456,-0.5161206531530584,-0.27384940330757784,-1.1843273145364526
-0.043373057831283535,1.0,-0.14471806753217187,0.37718272006066283,-1.0,-0.03191084967962765,0.5348349744984185
0.5708980725254562,1.0,-0.12708308620324904,0.287650139276986,-0.3795914808551498,-0.6392231317381268,1.413783998043439
1.0,1.0,1.0,1.0,-0.14887777942027977,-0.37043070021723296,-0.17387895265020464
0.9399145578166891,-0.8865558597403882,-0.5671733453380906,0.8999946073763323,0.8740509725633505,0.6094459509621655,-2.3149507491551
-0.9331940432601793,-0.1361380824946359,-0.033000478933609134,0.5944253686364747,0.41746670568371946,0.0806491070733637,1.1073410980827187
-1.0,0.21315231226273829,-1.0,-0.5215683741512085,-0.5744322415819421,-1.0,3.453766737050671
-0.5379185360755232,0.5878974428569358,-1.0,-0.4026545153338695,0.8900402666656214,-1.0,4.32861939678332
-0.8192122969967051,0.5644459033658791,-0.4042142191614891,0.3306317188829126,-1.0,0.17015156218126637,-1.9311864641827112
0.8407929455068053,1.0,1.0,1.0,1.0,0.3523000772352185,-8.688584116902836
1.0,0.43765659939906965,0.8824625921817557,0.5259817451451615,-0.02809763201945986,-0.036526446185296886,0.06273031665369527
0.1572738321550018,0.7823962272347125,1.0,1.0,0.34698456143403034,0.326660056179507,-4.594473258211518
-0.05044412626638001,-1.0,-0.00706220648489355,0.27053314975679654,-1.0,-0.07932882127010342,0.7244808885405523
0.6182344303203621,0.0709608676160067,-0.44806172367201225,-0.06190882091969635,1.0,0.705773515613173,-0.0023657437932253778
-1.0,-0.2199481123513991,-0.4802022113928087,-1.0,-0.15727115192740726,-1.0,3.3920362999474842
0.17383413105559753,0.45473157465323233,0.34366496478265773,1.0,0.9517836329802682,-0.6048288751340544,0.3288903112443816
0.006937212138158455,-0.8423434100944938,-0.6489494786033669,-1.0,-0.25312388899705396,0.6274114384010097,-0.8991406761520424
-0.7598123530479642,1.0,0.9880400466165915,0.10204498126255229,0.9622885396681649,0.4724392794960024,-3.393553449965013
-1.0,-0.9202973194073145,-0.26598216063977936,-1.0,1.0,0.37429620109051864,1.2470058518009979
-0.22329733672576868,-0.80010962463519,-0.007738660856501101,-1.0,1.0,0.5785549767671446,0.7500759053083252
-1.0,-0.1494040651548143,-1.0,-0.22967239999054634,0.9010677605037062,-0.509595529679508,-0.728450652556691
-1.0,-0.8989893716926823,-0.879512746010103,0.23931521547951667,0.13143962011645716,0.22128154683255336,-3.3777033322096037
0.6256800081274392,-1.0,-0.01876878933496201,-0.8861265321912992,-1.0,-1.0,12.429224219082405
-1.0,-1.0,-1.0,-0.2736691253394814,0.6957322735301563,-0.4868875428334625,-2.879124483110411
-1.0,-1.0,-1.0,-1.0,1.0,1.0,-2.4642903018409914
-1.0,-0.9948502353193869,-0.24238969471065863,-1.0,0.8846669401135902,1.0,0.7410156904699903
-0.3144940162788087,0.046379058996387335,-1.0,-1.0,-1.0,-1.0,0.8607835253754393
0.22666884436631207,0.04479584414287263,0.20016987375182627,0.06952844111437773,-0.03988113097133694,0.16466976806561684,-0.178074221337251
1.0,1.0,1.0,0.593436172682912,1.0,0.6548618658250587,-6.879246163222944
-0.4815633335149266,-0.9307435273313084,0.8392611771783356,0.7681701527132176,-0.5243216072150156,-0.8265250711720415,1.659628671488462
-0.2102365348565853,-0.43386826973002535,-0.517374021331239,-0.9663426326181466,-0.42782797574399045,0.8722927240070186,2.6213829606692123
-0.2549226763705571,-0.08134685830769595,-1.0,-1.0,0.8523368718080244,0.04331700160719576,0.07644797006812148
1.0,-0.12219635763227732,1.0,0.278034804074643,0.04864714938899972,0.5431173000347327,-0.38971518228037694
0.12656779266284873,0.7713792925608192,-0.9019522737322139,-0.14452362203770353,-0.20217357500136496,-0.26649807745347276,1.5661935366195143
1.0,1.0,-0.049534357809795704,1.0,-1.0,0.12956556551646548,5.838617646303268
1.0,-0.2307175402495487,1.0,0.8881382550491131,-0.09182162639843144,1.0,-2.3943757664555987
-0.22004005369900906,-0.2304169089839176,-0.000666038346780871,0.8073919700195422,0.9434560395917484,-0.804906062744085,1.327001120654157
-0.3521663056434784,0.33165337415015506,-0.36019406710111546,0.7586761605263037,-0.04818938655272964,0.16980673389528633,1.0444673817354448
-0.6478731802606961,-0.14609637654294905,0.43408734937681026,1.0,-0.1974533433124992,-0.1296001002024303,-0.9864869475917313
-0.44629478151742275,-0.2733887130610574,0.952083466305981,0.11510724984654,-0.5920637207802526,-0.5424922875839198,-0.08072366875316517
-0.6713696157849605,-0.12652639129787047,0.2682340994965673,-0.6059598463593445,0.6786312362653567,1.0,2.871418592276007
-0.06863925098431806,0.3112310794980959,-0.34310183217102724,0.5347590162645387,0.7494525800678924,0.16584469427141457,0.9427820037829475
-1.0,-0.6120385551178091,-0.02766201097677734,0.32837937039676557,-0.03048809170822231,-0.5420830569372506,1.6217531630025976
0.7514613022936854,0.08947481948641389,0.9520911842768209,0.6550503158044789,-0.0876992398671973,1.0,-0.5836330670863134
1.0,0.27049774608209076,1.0,1.0,0.5441135367509531,0.31065962277904957,-3.973627004636609
0.554792957856952,0.8505799166326975,-0.1217542876548828,0.703837789715762,1.0,0.9928679310675224,2.6231563641684446
0.42623137595911714,0.3596409666489333,-0.7268214510748184,-0.5977723281219682,0.2767030141689038,0.4168340894353906,1.039476156597354
0.9821419185002684,-0.22339657799942175,-0.3192542698146932,1.0,0.6789831602383867,1.0,2.4050958741917556
0.2718341319400942,-0.26250698641482284,-1.0,0.8861091620402801,-0.5288534286722635,0.7771718121854513,2.8518972720872293
1.0,1.0,0.1979763965411323,0.0749345723520658,-0.14318670687962942,0.13989608479359616,-0.6705648112974507
1.0,-0.6963116985715301,1.0,-0.8796237910968454,0.6050331619442944,-0.44200536076828495,-0.423706792095361
0.3774248323022167,1.0,0.704000321710623,-0.3595447138426821,-0.31409405718299177,-0.6973307405674207,-1.1101008010928963
-0.13032760005763178,1.0,-0.610840272346225,0.015455769937381736,0.9981545051429326,1.0,9.19274500862342
1.0,0.31079145526275553,1.0,0.8314835509661704,-0.19827753920869848,0.6841097410018497,-0.8784788518321185
0.6602189457098592,0.563382183261111,0.9779096304427335,0.3925267299108267,-0.5127545681863672,-0.7758706799806974,2.5833883995948326
0.3949006562461381,1.0,0.9519022803899504,0.19794812582046561,0.8870717653927218,0.3486186183322153,-3.2437719587889497
0.7889926298117074,0.6401834902336627,0.36929248002377113,0.7481407475625378,0.46364576568929494,0.06357529218628155,-1.5664484537430166
1.0,1.0,0.6993652785404907,0.11011990761578827,1.0,0.7429696829258061,-4.537287786899877
0.3939382124990056,-0.10910707887612925,0.6704746538956856,-0.3279573642501188,-0.6739322662549785,0.09658252061212835,0.7368496428232514
1.0,0.4812093533270565,0.2595658215811898,1.0,0.28357498071169984,1.0,1.4813314862533034
0.4522616265814936,-1.0,-1.0,-1.0,0.826569699911631,-1.0,0.6471444031907727
1.0,1.0,0.6837851403197124,0.11430631356464974,-1.0,-0.5379297678656947,3.516969849309503
1.0,0.3624899698154138,0.36211180842370294,0.7643406664455529,-1.0,-1.0,8.947385414176416
0.943757378734889,1.0,1.0,0.20669620115902765,1.0,-0.6931184753910946,-3.9688654464698767
-0.7306448369912402,-1.0,-0.5521447133500115,-0.9230869971003723,-1.0,-0.47560653105456663,3.273643640322581
1.0,0.40369871107473476,1.0,-0.5289643456673809,-0.632879462199533,-0.5751278971004654,4.39082644949562
0.9672028722603283,0.8406483389783541,0.6676970755572804,1.0,-0.28800514121432874,-0.8697400848671443,6.500980474445296
-0.014250665854180555,0.5526383340548395,1.0,0.15641581867462265,0.08182008232455203,0.8295829810966994,-1.5986426915668681
-0.3303087840889073,-1.0,-0.4878462988252149,-0.21148837644655644,0.6845168904286572,0.7185168045217794,-0.31927221585483767
-0.49672082567629783,0.6767615231280398,0.06164089388466257,0.18301650616187615,-1.0,-1.0,-1.079660276746957
-0.4929869892922254,-1.0,-0.16513440262792123,-0.5833924134809028,0.13379021954251713,0.1811359018578288,-1.2091673515235135
-0.20380214246936512,-0.492114198240172,-0.541622844587923,0.42198021000307634,0.9771283980059882,-0.4152444678611375,0.4213060516182864
-1.0,-0.3503974411673183,-1.0,-0.1319556303449635,0.05901547275825891,-0.5738480857545779,0.18571954294580106
-0.7259984924314304,1.0,-1.0,-0.06711564660111508,-0.5698489755573665,-0.8536110733970235,3.9607542099103257
0.6581138444689119,0.5275448605198083,0.021854353693796402,0.16927096795492552,0.8592499915664273,0.7298213172536634,0.008654508015988382
-1.0,0.22822174681971807,-0.9181471787801616,-0.6923894039374094,0.4061457146785599,-1.0,4.978319710337752
-1.0,-0.7564843306905391,0.4899088900212089,0.3284439136496772,0.5702214568753088,-1.0,5.733375051344976
-0.27670281003257646,-0.24963060551262792,0.33868063689265115,0.6363121772332332,-0.681981983973484,-1.0,2.239981975388016
0.056485690221167784,-0.45122437809418703,0.8464798843056448,0.24575623664605062,-1.0,-1.0,2.372950958235453
0.7147499509599469,-0.5708498110852345,-0.31747727658266334,0.14703617998586244,-1.0,-0.6123038549736266,3.2345092012816354
1.0,-1.0,0.06374863684281595,-0.5523081647366904,-0.17950183714601797,1.0,1.84956984558314
-0.8423728210952512,-0.05568468363786541,-1.0,0.7601201322732289,0.7716278118497464,0.7108463922013545,5.354056284383827
0.8185021648103763,0.6463946096488281,-0.6502459202419828,0.035502316341016416,-0.0009741450772999816,-1.0,2.695447077450024
0.7674964090202108,0.7376739777140473,0.6731465053519504,-0.3445311132000507,-0.21626219165401384,-0.22771887475440633,-0.34976741242407705
0.8529430818738453,1.0,-0.04738253138905868,1.0,1.0,0.01136826315620898,-1.937014665378231
0.215588500465265,-1.0,-0.4455002107749847,-0.03863594620396271,0.24017692227635756,0.04369522748425943,-1.1872476995153425
0.5032092559120078,-0.3079350778740997,0.23590299719377472,0.054007133431460186,0.19217741608770367,0.8786250424424733,2.2080651698764333
-0.19038104963052271,0.7223854040324034,0.5813820284188517,0.794404156520188,0.8090443346308374,0.79916277978527,0.9861449088192294
1.0,1.0,0.9839407051888995,0.4537186638832883,-0.016641802921707305,-0.33554639070362735,-0.728361605277756
-0.31379980985870637,0.6322211901600445,1.0,-0.5712944497879038,1.0,-0.002801809950714107,0.3430245874420269
-0.363843025845769,-1.0,-1.0,-1.0,0.483601527639519,0.44882006170903166,-4.2153417135097975
-0.5746364289825971,0.014326481427971868,0.33563673404771655,0.852003532517872,-0.4888420689900627,-0.12555518786421804,-1.0710852877915256
-1.0,-1.0,-0.7595090355560274,-1.0,0.71149877475602,0.8430082436191069,-3.1591240528409648
-0.6097540951969505,0.6954005211504185,-0.45578482663219183,1.0,-0.24408623437655777,-0.4530411947648818,0.41760553875197215
0.35009305081737835,1.0,-0.7897711829234529,0.40996287933231024,-0.8504930588555083,-0.13926399217153307,2.8395802889795
-0.5797226847447841,0.7055771208174147,-0.2777660561934015,-0.8695462660702458,0.36393901368411063,-0.30608130090266755,0.3546219786830474
-0.5831297830165877,-0.8466832505909738,0.47136728815194595,-0.08810101473519033,-0.45037231516378246,-0.19759609715682536,-0.7277404021431776
0.2788377730354976,-0.28470348857630257,-1.0,0.7698607985110849,1.0,1.0,6.472975340602853
-0.5086559564470541,-1.0,0.2215712562598371,-1.0,0.22529705916618964,0.8856160275865737,-1.436412921286283
-0.09883403747108321,0.55647814236422,1.0,-0.3734663143621287,-1.0,-1.0,-1.8982959428182946
-0.14919809676209772,-0.9304694263688169,-0.4010523486258651,0.2073965508687755,0.6899126532507323,1.0,3.251331213408987
1.0,0.49958651030498247,-0.4377541175458739,0.48919652850981665,0.12882943761908588,0.2806151800575924,-0.1821183472694165
-0.8260929912429673,-1.0,1.0,-0.04008721679107574,0.26882957739270114,1.0,-0.3680700182401987
-0.4720035652369549,-0.80436559645109,0.13644839169051381,0.8217297808827643,1.0,0.2709558378731908,1.340335187740597
-0.3579153802141903,1.0,-0.5350832365653919,-0.17495511689594356,0.31208793783864003,-1.0,3.4438275385347135
-0.49566559444097547,0.734123538276569,-0.8191942224347153,-1.0,-0.8677502463413878,-0.9205559525642395,-0.3715684683227442
0.01889918382597755,0.5843226270156205,1.0,-0.01400754993842468,-0.6683060719615143,0.07107179902004201,-1.0198683709378336
0.09859796342289695,0.20039847970143262,-0.5675525674844368,-0.517363151672538,0.547197114431932,0.2757216092042496,0.3675216171595491
1.0,1.0,1.0,1.0,0.6652429343605979,-0.15268370608231985,-4.889928900577607
-0.6750164485913276,-1.0,-1.0,0.3952516080151034,-0.7149735871785464,-0.8870365023544676,-2.13435160136113
1.0,1.0,1.0,0.7504709938148835,-0.015282221658012629,-0.8410375956732672,0.2492006672474334
0.06864904768927398,0.8251256547257064,0.15166921868831806,-0.16790208496449072,0.416475477278279,1.0,2.8770686570440462
-0.7795527646314748,-0.6413813422895558,0.7976343999273309,-0.9529781851678735,0.7470050096515464,1.0,-1.1836187265161073
1.0,0.15608589485363877,0.09713168592430255,0.497841970005227,0.7947336912818244,1.0,0.6241078806292137
-1.0,-1.0,-1.0,-0.7280530865153296,-0.15249204036020536,0.7058335784008083,-4.597821212801033
0.14061240611096237,0.5770642468535183,0.8097603494910581,0.27001445737791707,-1.0,0.5400683040175687,-0.38935431205420695
-1.0,-0.3256367927586046,-1.0,-0.5127985581832076,-0.6511847615247135,-0.9700478878850195,3.6102204080535927
0.7639816387465534,0.24371077354259818,0.2251534068597415,0.2186038082066406,1.0,0.8755380950331193,-0.26561494457933277
0.3409438121838906,0.8243896906358964,0.9698379597739132,-1.0,-0.23177888256141793,0.5625406414377835,-1.252018721144991
-0.6251814260024517,0.4687970859769647,-0.2623800448760746,1.0,-0.2114641743330113,-0.2958814741467172,-0.5557997907950698
-0.24138210555970177,-0.1905207170373932,0.32548738126443955,-0.7368722189567021,1.0,1.0,3.975737185546088
0.2484684123457282,-1.0,-0.49577434143342564,1.0,0.4268691678746152,1.0,3.262144053972357
0.46402131112847567,0.6273303193798135,-0.11772313860519112,1.0,-1.0,-1.0,5.838233673876467
0.9312722008597325,-0.6628162684421994,0.809663441638145,0.44178651512796974,1.0,-0.5672213648414022,-1.5199189012653884
-1.0,-0.035524321605803655,-0.33942383478085913,-0.6572343859201153,-0.23088502018732437,-0.9044283671287751,2.1448544531708946
-0.12472479956761409,-0.05093770766281697,0.02305947812392936,0.13950478399867883,0.4569576957664112,0.10312612107025598,0.12386057144188414
-0.9127855924259125,1.0,-0.045024196537737066,-0.247833099227863,0.350904640476024,0.02223403724991041,1.9135196192300337
-0.5870877311025677,0.05079429999592938,-0.6144334560959848,0.3111380439651371,-0.06980230079301841,-0.09076674885084757,0.5060302381726353
0.5200686888129542,0.21306010442194107,-0.7800958669556703,0.8344131564348231,-0.7917194923836589,-0.7937400949312454,1.1748131725632232
-0.5455237332793825,-1.0,-1.0,-0.8974114211905191,-0.5047402902843375,-0.3372184128964115,-2.868123300465051
0.6190712726996009,0.13179269298760304,-0.47020950914094123,0.37342609563601914,1.0,0.7436817907209219,-0.24263065240150666
0.6396757197509362,1.0,1.0,1.0,-0.4711236554824533,-0.021795093664268683,-0.7351416442145358
-1.0,-0.22425677436802793,0.446827347588621,-1.0,0.3315556535780375,-0.47021517916754924,1.1836224660077228
1.0,-0.18115292608803718,-0.7537522197593396,-0.7748108527468682,-1.0,-1.0,7.384214004189102
0.7577493765943942,-0.03863544001026947,1.0,1.0,-0.47646955870898755,-0.0987968081842796,1.2208353677414974
-0.8113654189377628,-1.0,-0.8806203767111999,-1.0,-0.576927005805844,-0.29185758662641764,-3.001627604747908
-0.8101258282575623,-0.43362038065170344,0.15094818553955808,-1.0,-0.59586174421649,-0.9266861806866232,2.0104674831943012
1.0,0.12757869585891718,0.7286005511939492,1.0,1.0,0.6068724583216882,-5.147318922275235
1.0,0.6557688698465962,-0.5915507806114733,0.4997124128522974,1.0,0.9238820439273407,0.6063654469646007
-1.0,-1.0,-0.5029824253291821,0.08964913097932921,-0.07806044730130088,-1.0,2.957473634033007
-0.05227137354221001,-0.3853454129632181,-1.0,-0.8738379903802793,0.2804705780611172,1.0,4.498759774583856
0.08602417117901162,1.0,1.0,1.0,1.0,0.5264553485594106,-6.393548897250373
-0.6087567918004687,0.06948444908607998,-0.6855137120805421,0.1361732675234011,-0.37176324315876264,-0.3050427994047338,-1.4094151318143608
-1.0,0.7105867496934213,-0.5911589682538941,-0.936297460110173,1.0,1.0,9.798750554495436
1.0,0.031074473038564032,0.8152528450205233,1.0,-1.0,-1.0,8.477904373674853
0.9159671275095629,1.0,0.8882694775183935,1.0,-1.0,-0.04230320112598318,3.732234797796359
-0.3020197951136838,-1.0,-1.0,-1.0,1.0,0.6342337153040001,-3.6474369772813002
-1.0,-0.6620913244195681,-0.9653548314240654,-0.9431808419978165,-0.22475625174660924,0.8723711958193563,0.3877623291580071
-0.6035281908150059,0.5570107143177309,1.0,-0.20065367764349465,-1.0,-1.0,-1.4546947882473398
0.8998710718883189,0.8304910379119288,0.29266949839863865,0.045378871931115894,0.6093351868985165,-0.24282164266517314,-2.1092805115251414
-0.02157333467317679,-1.0,-1.0,0.3272682054876931,0.6375290172600576,0.23773130178582602,-2.2693516336594417
0.3449223692393639,0.4678399414315696,-0.9202100881655537,0.5759610460016907,-0.06274873984750592,-1.0,2.78807917224331
0.8825506951362272,1.0,0.02760304273183184,-0.4889608869722721,1.0,0.25396341747253226,0.1000019408567045
-1.0,-0.16827278162544834,0.010780891988693309,0.8247733422670815,1.0,0.5623446418996836,4.011486789441424
-0.41683791494092004,-1.0,-1.0,0.1176794754386612,0.4340929361448904,1.0,2.8201732954242558
0.7165373661534677,0.6425205410396821,1.0,-0.04985524886500328,-0.3580144263731838,0.6923447419456283,-0.05203709552761032
1.0,0.8623595741746042,0.5069406298658792,1.0,-0.07722012369982825,-0.1265484351638851,0.030261325408312667
1.0,0.7240541527254085,0.1619727133812685,0.5984826264651182,0.4673301786488978,-0.9395036995682454,2.364327273752523
1.0,-0.36925238382946146,1.0,1.0,0.554087318283921,1.0,-5.099853316217963
1.0,1.0,-0.3556154137767463,-0.09344895462878211,0.5673992380660325,0.48402515344658426,-0.02930836213725907
-0.02747623470406839,-0.42177148231165723,-0.05371228440964748,1.0,-0.3606293695461147,1.0,3.6843699694103114
-0.5004981532519448,-0.011417993484870492,0.997161616091213,-0.4786729594104783,1.0,0.37678944583525564,-0.668550304425912
1.0,0.5024892548823218,1.0,0.8328263069855909,-0.5892308777311173,0.663893919224001,-0.33300536558308413
0.770815140233075,0.30465296580005363,0.23704763616085156,1.0,-0.7303554539626517,-1.0,7.356778676803363
-1.0,-0.24156168616414775,-1.0,0.10301064089532042,0.4189418025379177,1.0,8.235099752749885
0.1155169092111843,-1.0,-0.5687782590607315,-0.23194408104505726,0.34172614355365705,0.06652993052843792,-1.9304668973574954
-0.7085330473514333,-0.5855971286769781,0.6782067986625099,0.08323720650895922,1.0,1.0,1.485715246781149
0.612359644616236,-0.4707410709077997,-1.0,-0.4904035344271209,-0.27099053439362086,1.0,5.384823740617452
1.0,0.4388953366152195,0.39553396778687633,1.0,0.17696472343298303,-0.34071813665637823,0.5819163519000811
0.4547574364048734,1.0,1.0,1.0,-0.49518723646165863,0.07031839204892582,-1.017952116285585
0.7809797898875033,1.0,1.0,0.6451850645371073,0.27848397534870756,0.6866386175084245,-5.456612517618514
-1.0,-1.0,0.33980166238660836,1.0,-0.9929546666144822,1.0,0.940110123395303
-0.2900089718022931,-1.0,-0.17162976985440448,-0.7250492773537442,-1.0,-0.527711366054058,4.031707235229482
-0.2861107870677386,-0.6172836685348166,-1.0,-0.9520760785492386,-1.0,-1.0,4.259309992244253
0.26343686198213767,1.0,1.0,0.7368022306605786,-1.0,0.03386513484847076,-1.4467191201490075
0.009045550367667188,0.44000438612700876,-0.579474586356109,-0.31366607328608254,-1.0,-1.0,-0.08970475546776902
-0.45817933136833977,-0.6526600202157431,-1.0,-1.0,1.0,0.5556177535219309,-0.18067937970381798
-0.9711872845216986,-0.9396900924592486,-1.0,-1.0,-0.29775329961679387,-0.11915349739270642,-5.115026687858702
-0.20387777485658953,0.9814159647932936,-0.40643369799538975,1.0,-0.3024492816333423,-0.38578285355977304,0.7959766768446592
-0.705827885164039,-1.0,-1.0,-0.08874903849943608,-0.8126149431595526,-0.21122206552598172,-4.627646982136744
1.0,1.0,0.05095653258697652,1.0,0.178868399011626,-0.9108643681794121,4.341534889608691
-1.0,-1.0,-1.0,-1.0,-0.7033611121663446,-0.8408948357157942,1.603326308185843
0.26461972812749013,-1.0,0.41738740802005847,0.21300057596803845,-0.7940572077307118,-0.3445122248435461,3.343313764289256
0.3056611715157901,-0.041061102846822906,1.0,-0.94978716135967,-0.5199161330324963,0.46893618743363685,-0.9222430880297864
0.3761136680640461,-0.9582364862741082,-1.0,0.7489191400761306,0.12386307230123517,-0.7664151499103338,-2.46620997315896
-1.0,-0.7979712785530932,-0.18973319229654773,-0.9597180927976412,0.3094632756824771,-0.5441102418208855,2.019985056773852
0.4619050627338195,-0.6331255651082642,1.0,0.21889305512330431,-0.0475116059967976,-0.5003773492034493,2.4401711821772603
-0.9157635440044822,0.37740298384394727,-0.6625153273842586,0.9924191236607569,1.0,1.0,8.804457425380628
-0.7390384351162231,-0.4719838160496035,-1.0,-0.3329034386913541,1.0,-0.24044512344659957,-1.0649446427781482
1.0,1.0,0.17269716224876142,0.575431423047384,-1.0,0.4776742501098705,4.9032225721849345
1.0,0.4426977696293266,0.4311979689858522,0.3371617891916624,-0.8736344385523738,-1.0,8.094854807808723
0.2831830679593187,-0.9319342556076793,-1.0,-0.8227529956802813,-0.08201289800381362,-0.016132811048183426,-2.0426725584611622
-0.9487116093601179,-0.8223542215348494,-0.3642349866554141,1.0,-0.7508588494714574,-0.44505551860044323,-2.5769976842452373
-1.0,-1.0,-0.23675924644585722,-1.0,-0.5916513540013978,-0.40799810722445534,1.1226417732488048
-0.291384444681142,-0.20850377885919547,0.7748122798203642,-0.019981777338952483,-0.11613483577916006,-0.3543485009843379,0.7275991835082478
-0.22896381819558265,-0.5247953991638039,-0.10518702128293095,0.3767730397050244,-1.0,-0.9575252466765918,1.9689737456219605
0.45324630737086263,1.0,0.6027020364889493,-0.5047845342768732,1.0,0.9393809510588393,1.9319873051605883
-1.0,-1.0,-1.0,-1.0,-0.47797075367561703,-1.0,2.904621166253492
0.1716037111405152,0.3549030061932492,1.0,0.22964394123039072,-1.0,-1.0,1.3251348562465357
0.9077432129235493,1.0,0.43150391924001963,1.0,-0.5360249031336145,-0.5034194146154691,4.253568286432379
0.6725659407874627,-0.2069834969690036,0.3978888351791988,-0.15069149638634347,0.7417789680172431,-1.0,1.2788184981133859
0.2252136995389,-0.6965632375459032,-0.02158797522659922,-0.32628793765500763,0.6211950222472675,1.0,2.020653507344902
-0.5941779926498534,0.2576851027278498,-0.5954476297776369,-0.1583354149307844,0.2291320114600242,0.9335864928896241,4.912637661115499
-0.2729651394537669,-0.21924340156369548,-1.0,-1.0,1.0,0.4280403225237701,0.6099590289271235
0.5323972641191788,1.0,0.5661476582774547,0.9523711655683726,-0.09983661718655157,-0.06434992948295937,-0.43507398272610115
1.0,-0.5548092547328838,0.956024222419021,0.5951848719448892,0.37733362920099967,-0.07838640561091778,-0.39542452600481437
-0.33846647363792315,0.5628450726790986,-0.37362669393122117,0.12278620284738725,-0.9937061657864996,0.021771802210554914,-0.02983110785294618
-1.0,-0.8174813159677808,-1.0,-1.0,-0.06004004649584166,0.82365773215613,-1.695623212441407
0.7343158476496412,1.0,0.5026659571421348,0.5103310403704695,-0.48339466278678667,-1.0,5.802213073324824
-0.008504314598594326,1.0,-0.26167426456513637,-0.5676499633638371,0.2052868103413655,0.401090091654284,1.246864378368779
0.4485163262292996,0.9501238342134235,-0.8500923859392037,-0.32576353206142133,-0.8399144620579517,-1.0,3.5181035832265364
-1.0,-1.0,-1.0,-0.21620276395515736,-0.334712448671462,0.2761230606054975,-4.410527899485856
0.5570965445281852,1.0,0.5329651451628925,0.1586394217581124,-0.06975317803751402,1.0,1.222881320329499
0.6836683153827252,0.491056070888757,-0.3050398616211899,0.13906928309815558,0.22268127380781555,0.08861553386321708,-0.07573497545213329
0.3296922859699274,0.857660116913916,0.9025681927955203,1.0,-0.8469271107855098,0.30843066978148037,-0.6230078539658377
-0.8883321475310344,-0.8772995247351152,-0.16867204049250661,-1.0,-0.06938766090057635,0.24995898323086913,-2.4727756396656257
0.486319651047724,1.0,1.0,0.08578589493325606,-1.0,-1.0,-1.1125047417250524
-1.0,-1.0,-0.44290807727956993,-0.22103225730811116,-1.0,-1.0,0.4887751554974953
-0.5539278547462974,0.25193520763373123,-0.275637429715735,0.269587163978804,0.552170046633738,0.8161534637649472,4.142132325426069
0.08025401617575456,0.5449287262688158,1.0,0.09942962973765246,0.6877774687930193,-0.41465914503346357,-0.6540654157520077
-0.31789997719271934,-0.9406098875002641,-0.5861072680550075,-0.3799984092690023,1.0,0.2759267296700185,-0.11333104823316031
0.30932714332354494,0.5134051986549829,0.15872250570352903,-0.30666627150413134,-1.0,-1.0,2.510430634405971
-0.447137724545057,-1.0,0.16912622520726708,-1.0,0.197271880105235,0.136170857332935,-1.219645836947174
-0.00587478055920343,1.0,-0.08864849273341013,0.46703287035941377,-0.21772399209867255,0.867942140450025,2.3873777388473125
1.0,1.0,1.0,1.0,-1.0,-1.0,9.012428747559635
0.12056535695327364,0.6041559626154954,-0.3537763908579531,1.0,0.474339575055313,-1.0,2.25352506136186
-1.0,-0.9564817583338787,-0.47109394944113625,-0.0327294196850636,1.0,-0.1304606958633039,0.2776433161829752
1.0,0.6728792873994076,0.14962375094445668,1.0,0.8496648246168305,-0.14935443031861334,-2.3684274526203337
-0.03548379246492914,1.0,1.0,-0.08181323988790809,-1.0,-0.126528816046946,-2.8921796387074514
0.2165634852498891,1.0,-0.9997201351570482,0.6846222950460163,-1.0,0.7170013115468983,6.152860148046212
0.4142618066018221,0.31435847481671386,0.20209592060783915,1.0,-1.0,-1.0,5.3419945126830415
-0.5732404431213745,-0.4592307609005891,-1.0,-0.7657447799936514,-0.43506928829104285,0.6869778285852031,1.1108826623408021
0.9294142837190597,0.9873381721583281,0.4594714859708322,0.5319539673495359,0.1690059712103098,0.15098348805811201,-1.4817467334231587
-0.2808266051018665,-0.8935815847676897,0.2819500932583683,-1.0,0.2536994485676908,-1.0,5.993711891924146
-0.4992652286001321,-0.8945640611680516,-0.02715538004944995,0.37328655952395756,-1.0,0.30598107305510713,-0.33093652420669006
-0.30993141325113926,-1.0,-1.0,-0.41669212119774124,-0.21849922896214263,0.2739469659080376,-2.916578398556519
0.7550207595706363,-0.9197596572649234,-0.10620937944087627,0.32661046877562483,1.0,-1.0,-0.8976914884845513
0.5366744064333924,-0.8495103089169498,0.779582193930495,0.08833578813047914,-0.2936793454391028,-0.10169581689940888,1.9591876681127478
1.0,0.377208409070354,0.6784897151502547,1.0,1.0,0.8046072928548405,-2.569522843711125
0.5404270148687095,0.610236154929271,-0.28667672967545643,0.3829758591766597,-1.0,-0.9446316274289612,3.4778514725415923
0.7208876959235112,-0.03799950781353134,-0.40022353401426597,0.19399107413072758,0.8697512318763365,0.36171331236263216,-1.9862997755487204
0.6364939510256373,0.4434705506304051,1.0,0.666757452643465,-0.7714152951944012,0.2636583661488232,0.5645888047191244
1.0,1.0,1.0,1.0,-0.913111187996152,0.6583620267979698,1.4852366257006677
1.0,0.008794024963095504,0.006105422119604853,0.9331891849253675,-1.0,-0.6583671270267674,5.143025905215552
0.2894246966248939,0.3051532188305005,0.9285231834577835,0.44633474801952633,0.19874333359573693,-0.09703076259305721,0.6208206343961012
0.3413120041467032,0.5531876997043863,0.6579094015634264,1.0,1.0,1.0,0.7521107651913779
1.0,1.0,1.0,1.0,1.0,0.640928720008564,-9.915061047131013
-0.799834903558112,-0.8790843875748879,-1.0,-0.4771311203194881,-0.39954802054541794,0.272460041235633,-3.4749799756573756
1.0,-0.36766259232840537,-0.08519576403707602,-0.3966802708059246,-1.0,-0.5559503493247759,5.093964817868614
-0.7678252438374397,-0.7230732463247276,-0.234230522592362,0.13539847428380902,-0.15411044876892865,-0.20227284489806907,-0.8921705408570872
0.3573122374565838,0.6079182884158265,1.0,0.7254371038454446,1.0,1.0,-2.614948645212557
1.0,0.8557498852788782,1.0,1.0,1.0,0.22087870348838223,-7.513883038982417
-0.17220904028201134,0.6424357489946821,0.2745666700471042,1.0,1.0,0.8773309681730928,2.680269989773002
-0.8639617255583241,-0.5355009235457291,-0.4364019297490992,-1.0,0.814050691689554,-0.9351990864846105,6.63278492394224
0.5085918189652628,-0.10540159812112582,1.0,1.0,-0.9057854239264527,-1.0,3.3597284238185985
1.0,0.40527930764997033,0.588001502442379,-0.34037626778469143,-1.0,-1.0,7.067504950322761
-1.0,-0.6983802501863869,-1.0,-0.8917341743222569,0.4664080782453175,-0.5271873309291912,-1.4927882494493319
1.0,1.0,0.7249340705034779,0.8381969091158645,1.0,-0.10988341018920689,-5.600093628660197
0.22201124053416477,1.0,1.0,0.8641291064834473,1.0,-0.05391411788824106,-5.410475574516875
-0.2781618178794836,-0.1944080517392166,0.25566015732558944,-0.38504617965605803,-0.4295496076980862,-0.643439231573334,0.5640002097777108
-0.8659491628090356,0.035152529234791396,0.3130280640328709,0.09382110045609621,0.7769040703158532,1.0,3.521391117190088
-0.7859006118378158,-1.0,-0.1853039386951345,-1.0,-0.013140132169363716,0.20095568103127293,-1.9182666437873277
-1.0,-1.0,-0.3758447604364132,-0.6802915775594757,-1.0,-0.9386526786053531,2.8257310996499188
1.0,1.0,-0.6399387257218707,0.548959453207551,-0.8350092947399776,-0.7590493293826355,6.325759471601884
-0.8524094621804801,-1.0,-0.9816281691741862,-0.5606064901252383,1.0,1.0,2.0601585402221345
1.0,1.0,1.0,1.0,-1.0,0.5499747740016965,3.1622777314043073
-1.0,-1.0,-0.7284423697442117,-0.33894898313939203,-0.2532291904785313,-1.0,2.634698845991662
-1.0,0.31577508360326306,-0.4508931749938445,-0.9141327601654295,1.0,0.4866479919440041,5.002092171350932
-0.5703871498212878,-0.6815845779334666,-0.9231059316406023,0.25092403306671274,0.6197109312068463,-0.7400283642219005,2.429536468657272
-0.7856242959263787,1.0,-0.47070224737177585,-0.7554006143913399,-0.18597550620005543,-0.26833642389908885,-1.1381577056969374
-1.0,-1.0,-0.47265126936527646,-1.0,-1.0,-0.3198201722170262,2.0558013503226205
0.10399006489669371,0.2500209967263776,0.7147305770694611,-1.0,1.0,-0.14721560618498875,0.4517765490263252
0.911214652487844,1.0,-0.24775129323705847,0.20152286517652562,-0.20600307583239763,-0.14578040901804326,0.10736722054840331
0.8721228136310388,0.6858425199084374,0.14665783194948667,0.5096776215617317,0.05355951890063548,0.7261698351905592,0.7729316062469265
0.835777472642635,-0.10319848623286298,1.0,1.0,-0.36824113613110493,0.7053032857084599,-1.3625404512393504
0.5220226485774666,0.06414974168985621,0.42075333550941474,0.8740700657981513,-0.13090214834557234,1.0,2.5645021743322656
-0.3280274016420299,-1.0,-0.7515519849580043,-1.0,-1.0,-0.4464110181943366,2.6492048436022646
0.010168948348903667,-0.340147788633294,0.8372975956407498,1.0,-0.7981560395294476,0.49335662172385875,-1.2835078075984103
-0.9389130095108614,0.43483437998643676,0.13687062399543715,-1.0,-0.714680075278403,-1.0,-1.3956351850651192
1.0,0.7588096042137857,0.510871305124021,0.9667781339367049,-1.0,-1.0,10.118092563274727
0.8206183116384499,-1.0,-0.3014028133889556,0.5994488934119242,-0.11314397007418231,-0.27512471905857394,1.030154225546729
0.49940960966214953,-0.05034103552130831,1.0,0.16752197791268314,-1.0,0.16086389942243423,0.857634449910882
-0.4248736083987455,0.23888962960528354,-0.3763995145720798,0.21403970933389793,0.7689891392070984,0.21266077778724723,1.0290796449181212
-0.7006890395662692,0.32315100935613006,-0.3312505923789546,0.07158172870442381,-0.9366525516144535,-1.0,-1.4596844832287739
-0.9906580134294847,0.7613323595721625,-1.0,-0.5655134479412303,-0.2180352220265508,1.0,10.308591561153635
-1.0,-1.0,-0.9869892140834506,-1.0,-0.854164766878113,-1.0,4.053004663641944
-0.6452614745445706,-0.652062904135736,0.8384639790007594,1.0,-0.20784547040142348,-0.803479224718256,0.35169356304635013
0.20082061704488052,1.0,1.0,0.7085605561546331,1.0,0.1067829833672079,-5.73006757787481
0.9851752585798542,1.0,-0.3588563468058623,-1.0,0.912520889265256,1.0,6.629841488047709
-0.6741337244689123,-1.0,0.4244084128184845,-0.1927401707033667,-0.46857053551160455,-1.0,4.943993765901395
-0.6391812965029593,0.09783648065496209,-0.3228157108582177,0.3079843404409798,-0.32578660058609127,1.0,1.8423327993967096
-1.0,-1.0,-0.8585839421925787,-0.1659565468839339,-0.6991466264653794,-0.7010150105129187,-2.7516748310629193
-0.028298150562341473,-1.0,0.25055027404495434,-1.0,-1.0,0.23577853339206387,5.107013788167301
-0.3069804230855141,-1.0,0.28353897572713693,-1.0,-0.6043194017187099,0.8370694432589527,1.2203436556966083
-0.5528925499095908,0.21745767653132353,-0.1962521302091419,-0.6596746485269466,-0.33766923465256937,1.0,2.1409005302747337
0.31548254435968803,0.028856913063299017,0.26687723818818254,-1.0,-0.39322624764532976,-0.26407301425735535,1.5546437176442471
1.0,1.0,1.0,1.0,-0.1684208637851362,0.5134280841297412,-2.8160427292329495
-0.8156555428227208,-1.0,-0.5295306556676072,-0.8066396318327689,-0.5378084694481817,-0.8036103164828334,1.9561664024352075
-0.8251157015736535,0.2916685269969483,0.5705579577763834,1.0,0.5310587423709894,-0.6082243665537301,1.0687090433058277
-1.0,0.3600431998732763,-1.0,-1.0,0.028997658641830903,-1.0,4.956854819957368
0.30170505767597694,1.0,1.0,-0.9801195367899991,-0.9708699523781026,0.4470622671277261,1.0027299024047172
0.8228819801176542,0.7869813652711757,1.0,0.04302614982268316,0.050800412639585235,-0.21302576881898738,-0.21577210479858855
0.09458343037913314,0.17980206680102884,0.27873718335437964,1.0,-1.0,-1.0,3.953939473426814
-0.7827957753475066,-1.0,-1.0,-0.6091560688570579,-0.7562961157210081,-0.9984717051988626,1.6985833633447553
-0.9160869367327257,-0.17725444245920033,-0.20082208874067436,-0.08745474562348071,-0.004174860848204176,0.46539803906413413,-0.31911293513206807
-1.0,-0.5279585938108303,0.049658968275797966,0.5350670676824654,1.0,0.2716089783062978,2.764891518242946
-0.8229204202984197,-0.6214587747408851,-1.0,-0.05084676576188052,0.011049712720370808,0.4816617494396273,-0.5307817913584811
-0.2925268157712372,0.010414174746548432,-0.28506922721677586,0.10277018252565145,1.0,-0.4795721553584797,1.6405547646362724
0.34432686124923784,0.4023900102164505,0.9162065827438026,1.0,1.0,-0.4719562346656747,-1.8706774351264315
-1.0,-1.0,0.4885531579538414,-0.6346300952846986,1.0,-0.915008860567873,7.909583981276844
0.29644807577040677,-0.2605540521391182,-0.7478688162242919,-0.6341345665719179,-1.0,-0.5198787456041722,1.4303986933959771
0.6082047114145441,1.0,0.9838784863931792,1.0,-0.7614850214233094,0.40378815700832377,-0.41980064261875966
-0.3782076959070675,0.381595766631703,-0.40580212265137466,0.6261777481352495,-0.9923851582346708,-1.0,1.0366014127980354
0.19928512959751993,1.0,0.14618155149098977,-0.2848990734646431,-0.7283514667237276,-0.25906164550508487,0.8095403681133203
-0.24241734483267224,-1.0,-1.0,-1.0,-0.8152938033282373,-1.0,4.66240106668018
-0.3868580345017665,0.4302898962539604,-0.7414307573537697,0.29592234258939254,-0.49219325193447083,-0.29068219840185905,-0.9550612729713445
0.48125065174437387,-0.1802549298597993,0.8658985387474243,0.40204300554633954,0.6907011357604785,0.675345088353982,-2.2396510273234784
0.047960082161149664,0.8076716764847773,0.3326395883158757,0.37282715666056854,-1.0,-1.0,2.0429016735159866
1.0,0.7932081878344632,1.0,0.5186029543324218,-0.3184308304216175,0.055459774858995114,0.23478407345661223
0.776014466642193,0.6896400164406649,0.9200300337928904,-0.024672430713960705,-1.0,-1.0,3.158271870911398
1.0,1.0,-0.9369972642447698,1.0,-0.031920419263760824,1.0,5.419989850065609
0.9561260613309422,1.0,1.0,0.684096291088428,-1.0,-1.0,5.472309721589752
0.14517521016721288,0.08678399702079398,-0.969822670006339,-1.0,-1.0,-0.42163723940882347,0.5184301190244844
-0.39259000763760515,-0.19031303160534868,1.0,-0.01666443546551849,0.5445456046142316,-0.2240277293227969,0.6721484387534642
0.3373027512666784,1.0,0.45824337356094236,0.20305334445278345,-0.10329101026431892,-1.0,1.154569930385935
1.0,1.0,0.8975588425850562,0.24554747887947115,0.7568941767447366,0.4306730992904071,-5.174602524271597
-0.7057518379609071,-0.9362938620598211,-0.8744058704716383,-0.7310148114834589,-0.3754930126775432,0.043118161352933115,-3.4370292809544085
-0.1130696924232858,-0.810073488195135,-1.0,-0.20466160887595874,-1.0,0.3070788454635204,-0.5262812039394886
0.3836743852739204,1.0,0.8849709647958126,0.555005350766637,1.0,1.0,-2.9269159277858527
-0.6108164218608778,-0.8134274457704141,-0.17131773482161616,0.10059953554003742,-0.609419451797177,0.43294223207056964,-2.006876812360656
-1.0,-0.9768285538379787,-1.0,-0.8719643842703839,0.7824610671406751,1.0,-0.11921084720746417
-0.16987791898595295,-0.7051195384124804,0.23734934662559526,-0.6855974241906573,1.0,0.5685341411616889,-0.19967912071305483
-0.7932745398985184,-0.2800014606094676,-1.0,-0.9242860315967241,0.30980000059680357,0.7252517799976625,2.1789190496359203
-0.5542501521537399,-1.0,0.9321999828401981,0.10886328680776691,-0.3993584285775478,0.15706090538029582,1.329552369722797
0.3978501143385188,1.0,0.5238049365501252,1.0,-1.0,-1.0,8.222693023831033
0.4292695320703135,1.0,0.27141830814093487,-0.8025511842150224,0.638819688756191,0.38973317677760233,0.6524305866639352
1.0,0.017635420085900133,0.7231610601789842,1.0,1.0,0.0624590124875682,-3.39132377531614
-1.0,-0.09883627917292293,1.0,-0.6583549313845916,-1.0,-0.3958788777318313,-2.5698697353353204
-0.6352887062260683,0.33236552805913444,0.10771641442062452,0.014085524987202058,0.6274815311410709,0.8093248480938845,2.756542588384125
0.9735829335332032,0.8649683446945052,-0.7953128659190609,-0.21310230715366613,-0.0828475160195814,-0.5565270920499337,0.6974457787718398
-0.5988374119484166,-1.0,-1.0,-1.0,-1.0,-1.0,4.300329191316825
1.0,1.0,1.0,1.0,0.6732113697129104,0.08057481736542271,-6.633864315056222
-1.0,-0.09417143846247544,-1.0,-0.7520255647963361,0.18320441216645067,-0.03622033705371819,-1.7373749591736154
-1.0,-1.0,-0.6569981927890569,-0.3460980684432422,-0.8394948398017225,0.010930816849928249,-3.604650827692074
0.17521976342706247,0.20954011776634468,-0.10430940575224085,0.540813907553337,0.26551816684721996,1.0,3.2831779795152163
1.0,1.0,1.0,1.0,-0.5688025811110813,0.06094479242627967,0.1284230801206041
0.5913565138805144,-0.7423179296535742,-0.7411658249111117,-1.0,1.0,0.4803477154264493,-2.130354619918404
-0.12598901306301258,-0.5503111811091865,-0.31213954037928104,0.12774444402048296,0.2837021431139459,-1.0,3.048609681455397
-0.2893514247982858,-1.0,-1.0,-1.0,-1.0,-1.0,4.9318988616903745
-1.0,-1.0,0.12087873395662241,-0.7737117322044904,-1.0,-0.6850480045835448,3.6287508806670834
-1.0,-1.0,-1.0,-0.877774047281878,-0.41551556840819664,-0.7053703076171973,-0.6286611326969324
-1.0,-0.8523463176650008,-1.0,-0.24626977223880098,-0.2292008553432091,-0.31583067926862207,-2.8467445550419326
-0.3958716396095181,-0.2953441408618683,-0.7561647549283694,-1.0,-1.0,-0.0887204824001202,1.1405210800030345
-0.35262796038779043,-1.0,0.7871552341425465,-1.0,-1.0,-1.0,8.783071456199533
-0.03789007730872296,-1.0,-1.0,-0.25476562970634076,-1.0,-0.5292225656994216,-0.6383436501567279
-0.30183609650695986,-0.8056611508217894,0.13685895549921268,-1.0,0.4835936091723971,0.7866172457460918,-0.2764088512161043
-1.0,-1.0,-0.2950241049754525,-0.08047499643835154,-0.9889715797868152,-1.0,0.516332136947582
-0.6650725277037102,-1.0,-0.6045427307012914,-0.6333801898347333,0.42916578217803725,0.5813251890345216,-2.224897472107528
1.0,-0.20599834851064558,1.0,0.12925437600515755,-0.4929536561079627,-1.0,5.7518665549239865
-0.904101148565986,0.2179079920473478,0.23465257056898092,1.0,-0.4540727949328356,-1.0,2.7158368960110764
-0.6032866015625553,-0.589969086002902,0.03644409181906538,-0.2965560920830373,0.9983533410071326,1.0,3.2552170974879333
-0.9278495580190866,-1.0,0.1398780183829067,-0.07657756415998684,-1.0,-1.0,1.7684599819723819
1.0,1.0,-0.07271413401285765,0.15480148009499178,-0.13475932013421532,-1.0,4.53739029036499
-1.0,-0.06942143635255921,-0.5282155690766532,-0.3059908966548024,1.0,-0.9848590860862189,5.198825928049642
-1.0,0.25417185854459406,0.546265725235741,-1.0,0.12464608349886819,0.4407329741456382,0.3761914429826545
0.9635528482389369,1.0,0.40737198124550644,1.0,-1.0,0.8440637686013046,5.182643180849302
0.9880447007941491,0.06703591184695723,1.0,0.04826249976636668,-1.0,-0.057848680948386466,5.807529016363374
0.046328619672548865,-0.24689720554024697,-0.5155995365885335,-1.0,-0.2593254214695333,-0.06633481647578521,-0.5684046724683272
-1.0,-0.538451537736998,-1.0,-0.21481415222296368,-0.7943673419974413,-0.44458426847256893,-1.8209333981410882
-1.0,-0.7246939856027401,1.0,0.6365902109206815,-0.4740116932598756,0.331246483690411,-2.238389800893491
-0.12995981248187882,-0.5248773445717483,-0.6872767363616076,0.1789840471410412,-0.10012818240789711,0.5396605200686846,1.093461309120524
0.29622993727005104,-0.7157941222747757,0.8787435828573147,0.5197447046542738,-0.6178891001830008,-1.0,3.924364801600591
0.5151162832138533,-0.4696272363832748,0.5060636939943436,1.0,-0.922358515622445,-0.8300387733082314,4.886838188402119
0.01854795792196523,-0.5131615274136563,-0.9630552388087157,-1.0,0.2813573926467379,0.13784030176716167,-1.6048718762496947
0.7872119404334381,-1.0,-1.0,-1.0,0.12017326365500483,-0.42717447998693725,-1.4472521008564714
-1.0,-0.3714643463907441,-0.6664676201492179,-1.0,-1.0,-1.0,1.4061148170474786
1.0,-0.9089438877177158,-0.32157624561054954,0.8853060848934164,0.8626686768344042,-0.27390846339587493,-3.2314611720806785
1.0,0.8757075540166508,-0.11577966278278604,-0.01940932479719193,-0.4643153669976524,-0.16738613232368998,1.8308829577434453
0.6149382821569891,0.24627458533389535,-0.5242269907956079,0.13208505776487312,-0.10038859354448637,1.0,4.080424377137375
0.13859528127479337,-1.0,-1.0,-1.0,-0.39524278183125894,-0.797994888426559,1.3485308285577515
1.0,0.2312460134801485,1.0,0.5139458199806523,-1.0,1.0,4.120422719873576
0.7228553653762311,0.7960773169174922,1.0,1.0,-0.49612732324707887,-0.964907371405935,3.136726888400939
0.4739467274647186,1.0,0.3082945496535603,-0.006113401037675638,-1.0,-0.7454879500966098,2.031446446216088
-0.3349173139963434,-1.0,-1.0,-1.0,-0.5100139585665407,-0.44164599136931715,-1.2683613532592841
0.9088362664185137,0.29171425638856496,0.8055419078140713,1.0,0.8800029338190865,0.15599538196932303,-3.692011392131884
-1.0,-0.2592065741966031,-0.3668094547250913,-1.0,-0.5621428714129677,-0.46902029682357393,0.23220050668050862
0.04015499633415376,0.7597534379168085,0.9743380239978668,0.10616077647755118,0.984154975084287,-0.30150908548241945,-0.38727395543427645
-0.6774339053836298,1.0,0.9673935377204272,-0.34539239753036566,-0.22414225990245407,-0.15389330316633587,-2.538229366291994
0.03634081400388421,-0.01789948434572053,0.1513090316326952,-0.8691202306034426,-0.4447890540230206,-1.0,2.8863208689745767
0.06274187262781361,0.2748949048504681,-0.2472369063198991,0.00998353555438597,-0.09954919104501836,0.11171682307113207,0.36526583943219804
0.6492479725579365,1.0,1.0,0.8631631190144016,0.28351951555927635,0.8264228092652743,-6.798991962906748
-0.11384305802507722,-0.7759160085931671,-0.8773219884803869,-0.22221076082627755,0.1414502010658134,-1.0,2.988245750123502
1.0,0.7891654879571448,1.0,-0.3697559812423851,-0.3671930896676836,-0.7517488415510278,1.8225524675008062
-0.24326930301372807,-1.0,-1.0,-0.8490360166182298,-0.6339942573438083,1.0,2.8645144972183325
-0.7992405817038486,-0.725515773650439,-0.4163190067695086,-0.567393115964455,-0.5934004795910134,-0.18381587993450849,-1.5903904417950072
0.5434492003100501,0.4489861269110348,0.19745223327063735,0.6106808231992353,-0.3635005169849121,-0.2714263426158444,0.5069533253931319
0.6766782864115332,0.630647005719815,0.41732164457716,-0.32380035052939604,-1.0,-0.6020233766157279,2.8297922917248535
-0.30411217359615256,-1.0,1.0,-1.0,-0.7621124291199446,0.7687505715106115,-0.25422150268568366
-1.0,-0.2965792332399647,-0.02537057718077329,0.0673360260975181,-0.6846348033149829,-1.0,0.6126806219861349
-0.9991828978646002,0.7034086258015638,0.10909098085821572,0.16224157209064072,-0.26607362272454266,-0.48327570224090377,-0.26777377927299606
1.0,0.8096220762569292,-0.8241214884174325,0.0422478037580378,-0.5431806028949326,0.28398271770428285,3.849593250493718
-1.0,-0.9367030509062357,-0.038211472245666345,0.17058502807570336,0.8569413514776756,0.39273335383119434,2.403873263452669
-1.0,0.11753704727364182,-1.0,0.7875076533571802,0.3566452477234132,0.6477348828338255,2.865743146682437
0.4157828290657282,0.02598783599815735,0.1823968834331413,1.0,0.956984269378252,-0.3102972597630949,-0.39794437014638445
0.0034981403321288074,-0.8595069133072111,-1.0,-0.4619108577974813,1.0,0.6275932251952325,-1.2301212824540835
-0.05454978616964051,0.5565063507355051,0.47871915465878,0.8602763425975439,0.153052955582753,-1.0,3.1954613820731517
1.0,0.81967854182095,1.0,0.5556832513755523,1.0,1.0,-6.921844183815582
1.0,0.5984030330856708,1.0,0.8445003813543401,-0.5382777705669557,-0.9393412441402976,5.504883884888258
0.6818669858660256,0.16515743292937812,-0.2760962473119759,-0.2623062218718133,-1.0,0.029755769365860774,2.363348597654549
0.49873440834858646,-0.811078305062957,0.37992192831897575,-1.0,0.33862429681212086,-0.31804903389307426,1.6423350329854978
-0.45178453606069735,-0.35899009900792045,-1.0,0.15651688742990666,-1.0,-1.0,0.8062446934924088
0.08474770229426608,0.6955142617888271,-0.06185267840337472,0.035454818257408593,-0.4997680360813518,0.48811531330834335,1.4265632256338638
-1.0,-0.6536988857085392,-0.9387171786136909,-0.48955823921747094,0.567222399032888,0.9392546287645234,3.245875961409383
0.33028296193991535,1.0,0.11582039248568682,-0.5229346414383627,-0.7917945079112043,-0.4770997822562083,2.2106202500177004
-0.40584860630794906,-0.912574565321224,-0.6594683356936015,-0.07015421473216243,1.0,1.0,4.347056370195962
-1.0,-0.7943356753826285,-1.0,-0.8575012022956585,1.0,-0.18519543211452638,-3.9044350382961843
0.5371300445723082,0.4514651825229841,-0.015841562022446354,-0.24260580643753324,1.0,0.575433907627285,-1.048911018733178
-1.0,-1.0,-0.04160437315150234,-0.6178475923610005,0.834631643940794,1.0,1.9277137514546065
-0.7093823920729319,-1.0,-0.8021298680323565,-0.9983969464987792,-1.0,-1.0,4.947090041658589
0.03521014754920071,-0.7842362532843286,-0.23998283568432976,-0.7293139961650893,-1.0,-0.6822851421381677,3.369512201560056
0.8884756011354844,-1.0,-0.14943361768720165,-0.6293869002870878,-1.0,-1.0,10.691886258103542
0.9861632270674439,-0.2771075630590677,0.6957637696998279,0.8729399564039583,-0.7348748139757739,-1.0,8.06286687673624
-0.43149121558927894,-0.397779083661181,-0.7942745133028885,-0.7809860139006928,-0.39506343892591966,-1.0,3.0000670714760296
0.5947269633080505,0.9571983118240412,0.44451057828001517,1.0,0.10538848340328422,-1.0,4.433291311865136
0.6744124019753002,1.0,1.0,0.2535050786705886,-1.0,-1.0,1.4340760655549656
0.8802166552292076,0.07478600841627814,0.8739345368251287,0.46345846992622364,-0.20363400327382264,0.52642487426908,-0.30574191140699913
1.0,0.20671182898774915,1.0,0.08161610894301885,0.9495177634359522,-0.050061691112193496,-4.031944920604936
-0.13382401395780874,-1.0,-1.0,0.05603007246993641,-0.4067203967053391,0.2846998378149527,-2.6399259479463453
1.0,0.8268974100283963,1.0,1.0,0.21219930780831137,-1.0,1.129706866397939
-0.9505979864695835,-0.11931336134924764,-1.0,-1.0,1.0,-0.22403238961982463,-0.1556473879445606
1.0,1.0,0.922666012116929,-0.09075714420413805,0.8730637227240187,1.0,-3.9857061570225567
0.5016658111984995,0.5353675482317093,0.016734579843539626,0.9632481368736979,1.0,0.013253969261707771,-1.7921514869725033
-1.0,-0.5728594319944453,-0.5603026929408486,-0.83341921955795,-1.0,0.29338057807707313,-1.0702604173063792
-0.05204062868647036,0.31024928907443006,-0.12337984645518552,0.8861148830261476,0.4576668619449973,1.0,3.7508840525576774
0.5245527933893139,0.5223591997584931,0.8706299420976353,0.9793290868015696,-1.0,-0.9490689600227253,4.936152351161564
-0.7788307722001304,-0.08964025239389511,-0.12353754568747599,0.30529396330277825,-0.6963949779648094,-0.7210519442786723,-0.7472355948053226
0.24442310474460582,1.0,1.0,-0.18158822754029674,0.37761969077446145,0.215311385652311,-3.3516900309312385
0.8917031878636028,-0.3450842930196876,1.0,1.0,-0.017438442194883663,0.09451849657193623,-0.3384196239867725
-0.29853123349055993,-0.720918566217184,-0.7355824926092095,-1.0,0.07601942396548397,-1.0,5.308345515040812
0.7261686061113578,0.10450347933258122,-0.7896637983673658,-0.07215490951490422,0.004243142459628091,-1.0,3.5738175920674795
1.0,1.0,1.0,1.0,0.686634055419971,-1.0,-4.734108047400514
1.0,0.8050317210755462,0.9530209989167637,1.0,-0.06846984239476622,0.6964666766636122,-2.902512042600454
0.9569421875616386,-0.12572014793303676,0.2847332314058614,1.0,0.2023112313128359,0.3242633558797917,-0.9295755878224393
0.7735066608588916,1.0,0.6824896905983888,0.627789056518595,-0.6419033407945585,-0.5575352319296631,1.6040152214086714
-0.02492908534064285,-0.3099425377253101,0.3248919605164209,0.21550010352883903,1.0,0.3487239373378246,-0.5367330765572542
-0.33066673930531576,-0.46745210930398706,-0.20369238773927714,-0.9325470030799706,-0.3828987529103498,-1.0,4.222023727882357
0.4486839511180983,-0.5931545910384486,-1.0,0.34685604783108165,0.39339242343644765,0.36206199143749856,0.1530996381482779
-1.0,-1.0,-0.7899333517000109,-0.413389809445462,0.5240817981297593,0.9646250556176688,1.2464675245175194
-0.8791710849034473,-1.0,-0.04018801076208267,-1.0,0.2880693538207362,-0.5875729196726448,2.1043198460038663
-0.06792827947985294,-0.1687162963178626,1.0,1.0,-0.5158917580091225,-0.048048370095115145,-1.8786511256421683
0.30475948570453676,0.8528152907820292,-0.3610963102110085,0.6401724301001488,-0.13093256784861085,-0.2593109446165003,-0.1418327139647515
0.7591356471044961,1.0,-0.22304772709420861,-0.2703667554689754,-0.7138368681703546,-0.24345430341528113,2.951930557966066
-0.19999214963878775,1.0,1.0,0.36418561555426354,-0.7084333394173243,0.47772339941289477,-2.9999453010260417
-1.0,-0.26264546404659717,-1.0,-1.0,-1.0,-0.496199917693841,-0.5993707405613639
0.40096510467852975,1.0,0.8429809646853123,1.0,0.7802732786144195,0.298430290003763,-5.68185651028466
0.07901068904882702,-0.4795310391920348,1.0,-0.6053862818101378,-1.0,1.0,0.12891515946223525
-0.936332982622919,-0.9546023290661354,-0.3726252452723944,-0.39728428789109094,0.12934579771479315,0.5333680514752668,-2.3112730750742814
-0.7561276960879311,-1.0,-1.0,-0.0284318611728136,-0.13766891848500412,1.0,2.8442726641072795
-0.8741442940705614,-0.9314158317296102,-0.4373992834597842,-0.09967874111639466,-0.7454511036050874,0.721286337802757,-1.893047688071428
0.8481455295806739,-1.0,-1.0,-0.3467295472005945,-0.15752980657193927,-1.0,2.518083372425537
0.6528339053107164,0.310975441236213,0.6662721428839095,-1.0,0.4536213757556169,-0.8275402645390701,0.8944591587945544
0.9231615017546047,-0.6677693467284149,-0.900417486880811,-0.7605237266684779,0.3751806836203816,-0.14580615018733087,-1.9865159788115623
1.0,0.2568796350504504,1.0,0.7600974995797827,0.7671682859669482,0.14874087311409656,-4.35404335356239
-0.46123578613716654,-0.3213546197463868,-1.0,-0.3727119636674965,-1.0,-1.0,0.6677613946741833
0.3790906991648805,-0.03150325140827137,0.2052628093695185,-0.7080463244883229,1.0,0.4483574536490931,-0.20265250373202265
0.14565222333687955,-0.8889744299165458,0.09837654786523999,0.4045017845637091,-1.0,-0.16446779034278824,2.0695854148561854
0.23345700125397487,-0.548562725058242,0.7171636242838256,0.41392686931769007,-1.0,-0.8275210715759754,3.8921362601232894
-0.35141016040484363,-0.051498576837539056,-0.03285381980008065,-0.29292649213638267,-0.6931037793937062,0.10427917625833727,-0.8450783788288332
0.17422448194755913,0.18943111302757276,1.0,0.3826282863489727,0.31329436727753057,-1.0,1.168964039052062
-0.22669023664567156,-1.0,-0.3789553591623811,-0.06133103320913924,1.0,0.2697232461600436,-0.03279355038307802
0.28138187143170046,0.08519640968441933,1.0,0.47661867799579416,-0.8224664329890661,1.0,-0.8848733790694905
0.041934917735320765,0.20018323421147,0.7988955869422442,0.33234218511620806,-0.5184955369918484,1.0,-0.004996098988966691
-0.40556077497769516,-0.04789730702320971,-1.0,-1.0,-0.07986967252233734,-1.0,2.861425556147173
-0.1763589211201959,-0.6298440956072097,-1.0,-1.0,0.6500166754502235,1.0,3.195518381830402
-0.8612709633990892,-0.45958421713545095,0.14115453658853994,0.2113309655977622,-0.46202484272272915,-0.4582922237402436,0.08737259722268878
-0.8317555666093885,-1.0,-0.1681452553197995,-1.0,0.6169299844670807,0.46610650860850467,-1.1738596609970329
-0.7538330247255942,0.7710212888729304,0.702561440921121,0.8272407407820123,-0.2638159465186854,-0.010905089281640162,-2.0435615659307853
0.8967415039559447,-0.5903646972043104,-0.06548729650001445,1.0,-1.0,-0.6096836505292973,5.085654556375503
0.02267042864697366,0.6476783426818321,-1.0,1.0,-0.08555802587076533,-1.0,3.2878260014945955
-0.6460582929895883,0.24634476168038483,-1.0,-0.5192538050498522,0.3623658698653347,0.9338621450727755,7.016921918752846
1.0,0.2655078269005149,0.035795540858512664,0.14652523008652596,0.7672697044122516,0.1984659060505491,-1.5556646470823594
-0.2354403332474142,1.0,-0.6195226959200608,0.7683403680487603,-0.714289750763744,-0.13660918301485897,2.5409526995813554
1.0,0.4973718324711409,0.024390337780278326,0.6058144056352006,0.04493238513715381,0.9086561418202967,1.7897539753256497
-0.22142567244025002,0.25600802173759885,-1.0,0.272446128107654,1.0,1.0,9.736695320453812
1.0,0.7813165745222929,0.04617960264684917,-0.3025435545822273,-0.2418212976203924,-0.12887478386774515,0.244587825076924
-1.0,-1.0,-1.0,-1.0,0.7911717406707012,0.008910318572276976,-8.098004189023923
0.3631009141960262,0.05586040921590363,-0.09221167970901462,0.8150575322106143,-0.6468011591819589,-0.0050484358662235,0.9728751057618955
1.0,0.9147594942585783,0.5456539853865201,1.0,0.3541488418330401,-0.34258726638767534,-1.2374617570010524
-0.35679685113281856,-0.25927387813874936,-0.8046490031515308,-1.0,0.4975550140214666,0.8672464517039503,3.217753765043566
0.4020927894215459,-0.3291398403857616,-0.5622574971051907,1.0,-1.0,-0.9665486157501537,3.6388383854170074
-0.7768059188580538,0.28323677245078527,0.5843745353477835,0.1831530788455743,-0.35427715082378197,-0.0854662848099168,-0.3302293197681877
-1.0,-0.13274875884842463,0.9354601255611099,-0.5711456122536263,0.7299124993526891,0.787181933607938,-2.1800087260198104
-0.6954984962300501,0.059065904655872914,-0.5404642400637331,-0.2364773719288924,-1.0,0.6981916854616494,-0.210537945712998
0.9756801987839754,0.020336061740096056,0.620789954511985,1.0,-0.4184904929390969,-0.8510128618067656,4.753274163831478
0.8216463643595683,0.30107457643130064,0.5800232238736331,0.40339225223150893,-0.023491538765317233,0.12389813115818382,0.05732314246441528
0.23437063439260142,-1.0,0.7520082426095791,-0.29042453224488546,1.0,0.9020191526839236,-1.1832920133611111
-1.0,-1.0,-0.4009835184073383,-0.8003374553767673,-0.312723890530203,-0.12699067241881323,-1.2818318261997352
-0.4707801440284616,-0.02211246442298953,-0.09032936682844994,-0.6388173415181588,-0.30901383615965805,-0.5528426911357014,0.7625585447776939
-0.48147269324151487,1.0,-0.717959099222695,-0.6073697610171271,-0.9769795700951651,-1.0,0.5037150605795795
0.4069038724298246,1.0,1.0,0.8890799311161293,0.497303235917632,0.026216032431495728,-4.314628361191203
0.2958719752043586,0.23502986659011382,1.0,0.33439764183265364,1.0,-1.0,-1.802761114102064
0.14826283253197817,0.40736388925010875,-0.38021214950697063,0.4713247156455762,-0.7028927221440893,-0.0837732806048418,-0.1397174816016804
0.6573844202298296,0.727042663792701,-0.056485536307866596,-0.030411719029488804,-1.0,-0.8583820992481226,2.4343365297049044
-0.8552785944629944,0.01246126384648966,-0.5533134840367052,1.0,-0.4907719717616884,-0.6627483199362953,-1.0853356137392436
-0.32636972970966294,1.0,0.26661073533771973,0.043234441136751456,0.8468974796719326,-0.6651468262124058,1.415933591422502
-0.7262357133183701,0.3762377444879423,-0.13026284083945894,0.42490090954000803,-1.0,-1.0,-0.7947029099726445
1.0,0.10858017718625779,1.0,0.6867217298894945,0.6588870238316681,-0.605037507670389,-1.563251037033857
-0.9998924230651238,0.5523169750024046,-0.23005149713368434,0.32462397076676874,-0.8248412660185869,0.6968298275038769,-1.0147074668009144
-0.10465889459228855,0.22540301515680228,-0.21690459645608545,1.0,-1.0,-0.6016690950274062,1.4429129974646298
-1.0,0.3278757400464729,0.09982252082895723,0.9870810028967667,-1.0,-0.47803461295588967,-1.4460602509991516
-0.2618133766572561,0.527039392989896,1.0,-1.0,-0.12802703625362782,-0.6692830308903435,-1.883505919762266
-0.7304392987709099,1.0,-0.3421521372868387,0.26617221916848555,0.6128221704601889,0.9144385250803815,5.753927650153329
-0.8150680108791042,-1.0,-0.6891904643465748,-1.0,-1.0,1.0,2.9331902542911354
0.8001693515174665,0.8054860227838508,-0.17119181336156908,0.9119061976460227,-0.48126960617202386,-1.0,6.356247049166528
-0.11650202595300696,-0.7906992558920594,-1.0,-0.875844848351985,0.22361491480114992,1.0,2.3525229909232634
1.0,-0.07573020887791765,-0.45597961336884807,0.2590692195521883,0.2514449094776354,1.0,2.5221508811409534
0.3356611051225725,0.07160908272194963,-0.4803143339412099,-0.6360299204937028,-0.6116422554763798,0.18925270267742447,0.9125217438012351
-1.0,0.8027615208972232,-0.5379703274952137,0.3487648674666616,-0.9014238230313021,-1.0,0.9325597626235351
0.5662343647090872,1.0,0.8424660439323678,0.3232867009300756,-1.0,-0.29938220254433934,0.40016595356903134
0.0207423271016548,-0.9824123525168944,-0.45615051776688254,-0.6224652523966958,1.0,0.055220756371980206,0.1524780835827262
-0.8964663380667084,-0.6866761058132134,0.27788187188055435,0.5540748716919737,-0.16928254175041668,-0.9282885041133239,3.430190045077624
-0.43705944218007103,0.25478150185679016,-1.0,0.5319915375049236,-0.0880651954711994,-1.0,3.3661906166136006
-0.49114888342177676,0.5886580802689618,-0.9546721409622367,-0.12595206924039543,1.0,1.0,11.679583199351024
1.0,0.6292499904434579,1.0,0.9449858651967173,-1.0,-0.9391034276576975,8.113353429339192
1.0,0.8582539682793575,0.09634948987618697,0.07199501519120943,1.0,0.6014086978256576,0.2826102835609001
-1.0,-1.0,0.14045217617697514,-0.864105428423124,-1.0,-1.0,6.08668367489717
-1.0,-0.6536411121283741,-0.2136381997606066,0.7284916709397373,0.25619872444904374,0.20211183523537907,0.2929057595985732
1.0,1.0,0.8933568415664173,0.5541214730867172,0.6786035653703393,0.13316302528525048,-4.306186261123161
0.9241673128282246,-0.09483328486573583,1.0,0.9449400770109635,-0.13778115059527732,-1.0,2.1897822100356903
-1.0,-1.0,0.48827792364565764,0.2711458220724161,-1.0,-1.0,1.9128554804505016
-1.0,-1.0,-1.0,-0.5863126761510211,1.0,0.9234262485057751,0.0055109461039124195
0.2796411811183839,1.0,0.22594409773632496,1.0,0.5030508513896026,-0.2570158187455256,-0.610189761968611
0.23383542287445203,-0.41506302479488366,0.4492860590938915,-0.02270637336401493,-0.6564169454672738,-0.6278100072034685,1.4401754294885052
-0.5478071946014141,-0.547784957268263,-1.0,-0.09861274081478061,0.4304060422102194,1.0,6.954290418073503
0.9695712058539523,1.0,1.0,1.0,-0.18342947287035383,0.1878174398311263,-1.769312638880482
1.0,-0.5896766498282362,0.8441874097986708,-0.48421540815351355,-0.8530890790916488,0.24075897521149398,3.980987343606559
-0.4388258888901828,-1.0,-1.0,-0.7686127201674413,1.0,-0.024477422103209974,-4.449874648116858
0.2615029465632829,-0.2906174218215052,0.9027827295076909,-0.7770457260696444,-1.0,-0.10972685447550923,1.6206087864105394
-0.16576103295585898,-0.9905684316071199,-0.7647545764374792,-1.0,-0.6486343664661867,-0.8144442781579675,3.7467892311032447
0.09018991438067553,0.19789317289678499,-0.8653942685701586,1.0,0.015102969127083865,0.21729347465574533,0.14588119006235567
-0.7192906282378624,0.21880169380186665,-0.04077387446728664,0.43224985859989307,0.829915610477024,-0.32895896531457214,2.051495535706321
0.45014428791493344,-0.027423727919863083,0.5964461639042135,-0.6972202713407469,-0.7117716945674043,-1.0,3.858380669482642
-0.0610697075280453,-1.0,-0.8899386604701428,-1.0,-0.6041810272541223,-0.28375600476257073,-0.8221959153367105
-0.4793213239217642,-0.5399546246093099,-0.39814929454209097,0.2584853727421586,-0.7092218859436634,0.16494050231145307,-0.5081732368665917
0.34624093807190287,0.7824621918301671,-0.45013636517366595,-0.034188808158908235,-0.8899708758117425,0.3391650803367411,1.8935777329282153
-0.1366289738665699,-0.4211166106859492,-0.36268961975176073,-1.0,1.0,1.0,3.4524617881448547
-0.9671682750400015,-0.8732145122414656,-1.0,-1.0,1.0,0.992556757688678,0.28712543711092414
0.6693807812729416,0.2776943605965017,-1.0,-0.4575199969098551,-1.0,-1.0,2.59800445257257
-1.0,-1.0,0.8798783876658902,-0.0022439264696897387,-0.7877349953309409,0.6323809627659229,-3.106209125823347
0.16762741271699966,-0.3977628691211589,-0.7097285865058203,-0.7125502802948133,-0.964098106416341,-0.6927204437300132,1.9299858997017396
-1.0,-0.8497486021855751,-1.0,-0.6254263978212973,0.15875298601431076,1.0,2.071400596129831
0.9918265601925393,-0.3257815503543906,1.0,1.0,1.0,0.4419147529087701,-5.884138324326778
1.0,0.5425021523069533,1.0,0.5329336016491217,-0.04548627339235861,0.3328959778609636,-1.2234193454697448
-0.27272622680644376,0.18695094451907915,0.21605676362870108,-0.463430901248561,0.2796454224219167,-0.5899667567702056,1.004646207195406
-0.05951359801295342,-0.574498026297876,0.30164418591223596,-1.0,0.4016885057135817,0.7516406684334147,-0.9253841797996725
0.5166774029339171,0.9072570047582107,-0.29914222600344725,1.0,0.20945128742506447,0.8728047167512767,2.531584467565659
1.0,0.7402247362247021,1.0,1.0,0.030440367031464285,1.0,-3.6415574822697567
1.0,-0.16150246292550452,-0.3275811454769149,-1.0,0.34107765082780506,-0.2860158391478849,-0.2031621983696777
-0.7599774172461071,-1.0,-1.0,-0.43698078083704894,-1.0,-1.0,2.5852826054280937
-1.0,-1.0,-0.34818854191225557,-1.0,-1.0,-0.28070135665528295,2.5303517135532374
0.07459868544074633,-0.05711285166160174,1.0,0.2721728104410508,1.0,-1.0,0.5573007153412213
-1.0,0.2875142603754858,-1.0,0.8645276446529213,0.2845392382259919,0.14401434792862472,-1.6793568468510085
-0.16957204109001744,-0.5234849277185625,-1.0,-0.7407690246300309,-1.0,-1.0,2.2740652709072307
-1.0,0.41579188837422043,-0.8465589898301493,-1.0,1.0,0.5959739706356207,5.36850434654165
0.4157433636930047,0.22420896529781553,-0.5238347318289007,0.11671414293587096,-0.48410436602052154,-1.0,2.8438720265913533
-0.3475968714931058,0.0606119048984487,0.614078560641389,-1.0,1.0,1.0,4.121578883727268
1.0,1.0,0.7398893723349174,1.0,1.0,1.0,-6.952442902365265
-0.6405080886705343,-1.0,-0.10315468202606491,-1.0,-0.22860024514507804,-0.19858850645981072,0.5177483563007264
-1.0,-0.7479181158035995,-1.0,-0.16307639219649528,-0.023462898796868026,0.2746262857624896,-1.476452412700876
-1.0,-0.9542230161358994,-0.04515594445716675,0.5084139100904425,0.012309321498262249,0.5385833680828946,-0.4176382816657238
-0.44241371285379627,-0.33591228183748656,1.0,0.3617951735311504,-0.7989089161269564,-1.0,0.07548454014269834
-1.0,-1.0,-1.0,1.0,-1.0,-0.3514100597471139,-7.198248078835865
-0.14971978651370088,0.848747253519483,0.5303577487597253,-0.13112528817296606,0.841511047958001,0.6232466152244711,-0.14634815094856268
-0.050968847276043894,-0.9698847098961333,-0.056801603569803016,-1.0,0.3808002387549809,-0.636642553487202,2.4851663428009623
1.0,-0.1409516304539351,0.06764956423527235,0.3798278180440565,-0.27466702699341045,0.8573923248794755,2.292063386368329
0.5862835205065169,1.0,0.16332638932397014,1.0,-0.02568834483472171,-0.29179257729655983,0.8185603023744709
-0.002085875440412943,-1.0,-0.19400195475726373,0.8791153538041552,1.0,-0.4189300558703316,-1.1293805777887447
1.0,-0.559036570768974,0.48573217939791297,1.0,-0.00496227276082406,-1.0,5.962504363182393
1.0,0.1238923190629551,0.6055113972885373,0.14366275318089775,-1.0,-1.0,7.637374652247631
-1.0,-0.4035531648385555,0.581573070954918,-0.8727674183202985,-1.0,-0.15967723698783054,-0.6148793393166891
0.22310833759662013,0.8769639340555766,1.0,-0.40774508612057303,0.1939392561930655,-0.8153052157156819,-1.2529823215524802
-1.0,-1.0,-0.013498772734365172,-1.0,-1.0,-1.0,6.692513306131396
1.0,0.6241444250077071,0.3897020379980305,1.0,0.7599951053491143,0.21008922093145754,-2.711031466977974
-1.0,0.11047973046819493,-1.0,-0.597611241260854,0.004191508017316714,-0.8918915145884436,3.6733601331759558
0.6257328815618569,-0.9567006364916055,0.42616342531261464,0.03872063956153857,1.0,0.639766898002688,-0.8818412434355507
-0.23370257833614427,0.4066275997975046,-1.0,-1.0,-1.0,-1.0,-0.3878855811892973
-0.23778710789164936,0.07990249011187589,0.7528325712115613,-0.6254787941043685,0.14330327233439788,1.0,-0.30609587456137366
-0.485290550389611,-0.9132045876308184,-0.05098505732006253,-0.6883994918299372,-0.3332695296394753,0.6028257069399202,-1.2043935618959298
0.8200505013463459,1.0,0.6646333190252462,1.0,-0.3997315390324754,-0.2413913391714585,1.1257460016341048
-0.5742775165783561,-1.0,-1.0,-1.0,-0.28174116790586806,1.0,0.019451032695071764
-0.6915945018841619,0.8206650280982799,0.270521434630866,1.0,0.7416962969997538,1.0,1.6475284997027724
1.0,0.4634709316910861,0.32828149502924164,0.12108448082169632,-1.0,0.07489890197768656,2.3214206485598785
0.8181180306801289,0.0489387588360419,-0.03581839581442248,1.0,-0.4577031984207487,0.5220715356506769,1.893139519767424
-1.0,-0.49650980029930225,-0.9479519043281879,-0.8135784601578404,1.0,0.30802422413397124,-1.2153158147316574
-1.0,0.5003109398513829,-1.0,-0.09169209430650072,0.4191194629666537,0.40079254063691105,2.235878559097024
0.47781761151240015,-0.6702301381669402,-0.00807796132195937,-0.7471274645074732,0.30081722194896954,1.0,0.06529335096169608
0.5873940270516479,-1.0,-0.7656196333010741,0.14664759055006793,-1.0,0.8218353629985028,4.330633318346175
0.24566657916538504,0.35432762209863977,-0.49275120307210096,-0.05911883132182333,-0.45144101204816106,0.285901768179879,0.9246396390034655
0.0289359378589793,-0.5427167804555231,0.9902766633554343,0.7851463131793891,-0.280533911056,1.0,-1.5035646659451916
0.1398168757135762,0.953996202700026,0.533447598303611,-1.0,0.2109443960925482,1.0,2.114884373070555
-1.0,-1.0,-1.0,-1.0,-0.9102199951456231,-1.0,4.61678514934536
-0.20219175716274984,-0.34687874283221676,1.0,1.0,0.383505418977515,1.0,-0.8047918184715578
-0.17666572427770239,-0.6199128345476332,1.0,0.25851869101406766,1.0,1.0,-0.546501168104432
0.773563762651755,0.5150901529082061,-0.15451874195054005,-1.0,0.8317839677538155,0.30685648801293275,-0.6038115473172831
-1.0,-0.20570516748585355,0.3348395394184793,-0.6516164504502001,-0.012704598765266972,-1.0,2.8283203906301733
-0.8469973228651828,-0.7649989536058849,-1.0,-0.035511747176026356,1.0,0.9652528648817802,5.50194618897267
0.6456118295060623,1.0,0.7586768264774948,-0.045077010451680444,-0.924550871910047,-0.3762168581111882,0.5270609581259276
0.6822518619716215,1.0,0.6157884545198848,1.0,0.40972243447052015,0.8821957202532631,-2.8986640025508494
1.0,1.0,-0.04345804247170737,1.0,-0.12467402379241192,-0.09550297534394864,2.3165212280297656
0.9887374906117125,0.13003724108357426,0.6061910111371256,-0.5857440456111442,-0.02337121777646667,-0.20161338310054566,0.7651861151270192
-0.6860246504206795,-1.0,-1.0,-0.21301865484524396,0.727805230129907,1.0,2.9446174296300027
-1.0,-0.8209931428893823,-0.35231331456594317,-0.35548411261723506,1.0,1.0,4.601868981143202
0.961773629229052,0.053923592810986465,1.0,0.6939768983723857,-0.8047683011918152,-0.3265627694812636,4.604383425136242
-0.1478293294281946,-0.6438876416748601,0.016678237560232956,1.0,0.541126756419999,1.0,3.4894151419357997
-0.4070291370177429,0.1935613157653645,0.5807067200836096,-0.7565349921861552,0.10816865813330656,1.0,0.4512102493824181
-1.0,-0.06401843293743115,-0.4704424842382725,-1.0,-0.030522083626275856,-0.060828164619476266,-0.4362301588534315
0.11776825293080795,1.0,0.860874244294448,-0.19147326957096622,-1.0,-0.3549620555696842,-1.785160190264042
-0.8388801911840897,-1.0,-0.501985435409444,-0.6047883175970751,0.7095262363938128,0.24028738825075235,-1.099210505111419
-1.0,-0.42972756403280155,-0.9075083839694539,-0.306868821283355,0.8815656432607251,1.0,6.358307846267215
-0.6348245077184841,0.2814887250406449,-1.0,0.6402248597275283,0.8766344368769975,1.0,9.736875252422589
-0.29599940038416356,1.0,0.862117624189301,1.0,1.0,0.1800025774584888,-5.32121197696377
1.0,0.1815527938133008,0.527791264616439,0.8669610882547581,0.8615791895525999,-0.3066069607938212,-1.1536935604025702
-0.5348276919601161,-0.3164965509213009,-0.44662401778691674,-0.2974748000625531,1.0,0.4058097841842291,1.2020889137452389
1.0,1.0,0.5000826705850339,0.8554759867411359,0.35259788249696666,-0.5985106370699779,0.7141193014015952
-1.0,-0.5685885809604836,0.5357273095818567,0.32503428544869367,0.18684451917723743,0.18000022448385167,-0.4863226476512604
-1.0,-0.24560199501629776,-1.0,-1.0,-0.5774021507823599,-1.0,3.278429613152643
0.8669134161592785,-1.0,-0.9736112577427759,-0.7090706064197588,1.0,0.3380831753454341,-6.726098610756888
-0.4547643096920317,-0.22405299696474978,-0.22293257220291196,-1.0,-0.4942845690175014,0.028713655422013568,-0.556609199731773
-1.0,0.4279025902130252,1.0,-1.0,0.7537417656214054,-0.2658833832112838,0.07678961674529183
-0.26852495726732206,-0.7973946980855939,-0.47244495890549465,-0.8124147374096994,0.5302592026125671,1.0,1.4411614519025857
0.30458681351872563,-0.7701519102256917,1.0,1.0,0.43873260692400473,-0.2386357582636922,0.758126863859364
1.0,1.0,1.0,1.0,0.7343991119691657,1.0,-9.211135885056809
-1.0,-1.0,-0.2084326225244194,0.08240103386794273,0.47851871847434807,0.16913783158098328,0.8070553083081573
-1.0,-0.8695528735250684,-1.0,-0.9606539677315546,1.0,0.5133908283493396,-4.6947790674529575
-0.6187280025596253,-0.1070992426652968,-1.0,-0.2545525069483128,0.05278976559192494,-0.0105647612394211,0.3706289789043692
-0.18056412393800236,-1.0,-0.17787577764546647,0.16066751712159577,-1.0,-0.6913362717411075,1.0789660660226907
1.0,0.592784397370202,0.42819306135878854,0.0316514742986429,0.24256827206145243,-0.3651582312958547,0.1606264052347472
-1.0,-0.6581097673332229,-0.3591561065398128,-0.03723956655711069,-0.7658562207742705,0.16882505327429992,-3.0720024520573856
0.09526880176810909,-1.0,-0.33599398290388327,-1.0,0.8944310414805816,1.0,-0.2808955774113001
0.8145769835025545,0.30194568849229203,-0.1298914288770645,-0.28745049395270905,-0.8837718114719679,-0.6006446016432055,2.8572698143608157
1.0,1.0,1.0,1.0,0.20742233813734812,1.0,-5.581625259044406
0.8540572022363626,0.21403917055592125,0.6973372503148241,-0.44544083837927606,-0.8358003288799363,-0.3552792218274169,3.2034499409807187
0.09748096851204607,1.0,1.0,1.0,1.0,-1.0,-4.5571608065890015
-1.0,-0.8020306812012872,-1.0,-0.30998584002494356,1.0,1.0,3.922203814720615
0.13032756267355403,-0.07429594940763906,0.09142247980544968,0.25105116772404096,1.0,1.0,3.5549518993397267
0.5738381675599571,0.30455405808180364,-0.2667270524918236,-0.07807647785693517,-1.0,-0.6853871154481918,1.6068999476135077
-0.9531854949154845,-0.9119669972417194,-0.6066897626941382,0.13764084751142058,-0.27892359309757964,0.04556176225026809,-3.775073605226641
0.34603144644774586,1.0,1.0,1.0,0.4524776195746114,1.0,-6.489723247054795
-1.0,0.58958613300864,-0.24225197491203687,-1.0,0.20567034626880565,1.0,3.1440171127991436
0.07252931636071192,1.0,0.8273854968732195,0.9358493542315645,0.09273266881912212,-0.3216746926257702,-1.313887404654262
-1.0,-0.5982671555677199,-0.7241989285806076,-1.0,0.7727099808468727,0.4046734299993817,-1.1221174875533757
0.409451938473251,-1.0,-1.0,-0.569528900556196,1.0,0.5785993205911097,-4.020255956631163
0.4316342234840038,0.7064884815925785,0.47285371253062825,1.0,1.0,1.0,-0.04062619263384448
0.9304754816647509,-0.19477953357496727,-1.0,0.734902304650898,0.182396962836764,-0.7272229820996643,-1.1109722911536957
-0.7650949713182034,0.7184860971937991,0.7525843212958871,0.6393725465534763,0.2332382427777624,1.0,-1.0904729600893672
1.0,0.31359856338589953,0.5699056077561707,0.5945798154521236,0.43182995200987007,-0.7925099973443197,1.097288631606058
0.6955862325024353,0.24538638789533151,-0.009097769888597541,-0.2859641164945763,0.8019022394977846,-0.3181502925240519,-1.9637777171715167
0.04435425208832218,0.20449628190133318,0.21104124535348434,-0.8956450645922407,1.0,-0.010534350591553276,1.9437404345923217
0.22286474242195722,0.10801144536278928,0.6549792409559939,-1.0,-0.6134185121958196,1.0,2.2991682930977255
0.036668947273254204,0.6634073075952475,0.45112254906547966,0.560824806467955,1.0,0.5666511915104477,0.3301417148086835
-1.0,-0.45919670247727495,-0.5877058143401386,-1.0,-1.0,0.40339125727604974,-0.23187081440733698
0.640881214850076,0.23400841595790461,0.6894861410400903,0.7864608095231158,0.04924274207249568,0.15090763564217946,-0.33399199969876464
0.35656450838751574,1.0,0.023215629315866293,-0.10886981709799731,0.9438960980668043,0.20744532552796024,0.711154077147481
-1.0,-1.0,-1.0,-0.745252199185958,-0.09433381879769465,0.6736118049152442,-4.308552917589196
-0.7031853619461509,-1.0,-0.336123094382244,0.07950279750739697,-0.5409148747411415,0.0354574249650732,-0.387451041767753
0.41189112132022127,-1.0,-0.11936378727079144,-0.35729642716183696,-0.9270548655212217,-1.0,6.058222141786772
0.08900657216285124,1.0,-0.16299417299045016,1.0,1.0,1.0,4.658388098114427
0.15937456789373386,-0.4471252171503405,0.38625389370950197,0.3073766291161938,-0.03804320351009294,-0.9241329066999605,2.9884810377938433
-1.0,-0.05204178873953791,-0.2857572019814312,-0.7972002733644448,1.0,-0.8587412586342822,5.988424328930838
1.0,1.0,1.0,0.6457250408078352,-1.0,-0.602667926021535,4.92154126957308
0.4301668070733061,-0.6644912750065677,-1.0,-0.978625152416856,-0.8096792292647951,-0.026421920721273195,1.8041624722543963
-0.8724840630929867,0.14900395797302546,-0.05452166657415247,-1.0,0.2831265040357518,1.0,3.4845575358777787
0.25436259423234664,-0.8247779787025293,-1.0,-0.5321572342429337,-1.0,-1.0,3.856717812201686
-0.05077494085721512,-0.25830526246714036,0.32633797000933173,1.0,0.3666145932438046,-0.06995260767892705,-1.2697183511163594
-0.201364027318653,-0.9120682623801843,-1.0,-0.7310927089720667,-0.036493924119576304,0.2416543423713698,-2.924794840692118
-1.0,-0.24608783396374045,-0.3127686497344371,-1.0,0.2178261105799728,1.0,1.1224470636880957
-0.23940256615976663,-0.8418585205606915,-1.0,-0.9790623953207097,0.5015655274927252,-0.3525308376465077,-2.1635050532337754
-1.0,-0.23167914694648473,-1.0,-1.0,-0.7404200559272527,-0.7930253459159744,1.7404959607412662
0.597218747922462,0.5732111113917613,0.9364504095309014,0.3610864677661483,-0.9350369752173046,-0.17450434029778844,1.42310207712652
-1.0,-1.0,-0.9190064878976072,-0.22053174932154018,0.00599795560004357,0.7249183866340655,-1.194124838498178
1.0,0.29735646255211234,1.0,1.0,0.9767496380044512,0.9296801381525441,-7.7052474033195235
-0.5664733586282638,0.6935303405508446,-0.3818690603819901,-1.0,-1.0,-1.0,-0.033973337177362284
-0.25289399971778925,0.13771807362278732,1.0,0.7080631340940082,0.9761312238365556,0.3718855759373805,-1.8525666198699344
0.20815526903770765,-0.394598290725129,-0.8300739537067852,0.39106370708991406,0.6406165336290741,0.1690984791285035,0.03497489272075849
-1.0,-0.20282355225987048,0.17370911935312616,-1.0,-0.1592648522905873,-0.14645595462527794,-0.1850818833887832
-0.1863836851297951,0.9568242131542317,-1.0,-0.6419430190946469,0.8931379268001185,1.0,13.353325066669198
-0.11998002839452246,0.4181898389731786,0.9227976271625244,0.26065198679926915,-1.0,-1.0,0.42142009967041194
0.27168982494861926,0.8318946728489398,-0.16467494077008188,0.26564467107405276,0.6952745824496211,0.6807784675750337,1.762868665196245
-0.6617147862651025,-0.22272326696154515,-0.14531506221589807,-0.198735416671002,-0.4937434031874721,0.9555873503132869,-0.7031409151019538
-1.0,-1.0,-1.0,-0.20356714371645213,-0.7981641249361168,0.8701262937064879,-1.0883036499359238
1.0,0.5588801309271447,0.6752714365288657,0.6735916292872814,1.0,0.8471297464718419,-3.606523028827546
0.2640351836867203,1.0,1.0,1.0,-0.7951164347121065,-0.37285339219411956,-0.5672604877828858
0.6295164431956913,-1.0,-0.9708001668215926,0.6947940659873789,0.08687415096615886,1.0,2.501403022655439
0.0904158284092208,0.10318279080261017,-0.002672491870348126,1.0,0.7336036823030987,0.03190191066685352,0.38708027998942507
-1.0,-1.0,-0.9348132397169485,-1.0,-0.9495674435925106,-0.03511010496568967,-2.0571764197457387
1.0,1.0,0.25468935829168904,1.0,-1.0,-1.0,10.958814640217428
